Doc Id,Sentence Id,Event Id,Aspect,End Offset,Event Class,Event Id.1,Is Event,Lemma Stanford,Lowercase Lemma Stanford,Lowercase Token,POS Tag Stanford,Polarity,Pos,Start Offset,Tense,Token,Token Id Doc,Token Id Sent,Token POS,Lemma POS
AP_20130322,0,e1000028,NONE,14,B-OCCURRENCE,e1000028,1,season,season,season,NN,POS,NN,8,NONE,season,3,3,season-NN,season-NN
AP_20130322,0,e2,PERFECTIVE,50,B-OCCURRENCE,e2,1,kill,kill,killed,VBN,POS,VB,44,PRESENT,killed,11,11,killed-VB,kill-VB
AP_20130322,1,e3,NONE,18,B-ASPECTUAL,e3,1,start,start,started,VBD,POS,VB,11,PAST,started,24,3,started-VB,start-VB
AP_20130322,1,e4,NONE,62,B-ASPECTUAL,e4,1,spark,spark,sparking,VBG,POS,VB,54,PRESPART,sparking,32,11,sparking-VB,spark-VB
AP_20130322,1,e5,NONE,85,B-OCCURRENCE,e5,1,turn,turn,turn,VB,POS,VB,81,NONE,turn,36,15,turn-VB,turn-VB
AP_20130322,2,e6,NONE,8,B-ASPECTUAL,e6,1,end,end,ended,VBD,POS,VB,3,PAST,ended,45,2,ended-VB,end-VB
AP_20130322,2,e7,PROGRESSIVE,90,B-REPORTING,e7,1,accord,accord,according,VBG,POS,VB,81,PRESENT,according,60,17,according-VB,accord-VB
AP_20130322,3,e1000030,NONE,27,B-OCCURRENCE,e1000030,1,death,death,deaths,NNS,POS,NN,21,NONE,deaths,74,5,deaths-NN,death-NN
AP_20130322,3,e8,NONE,41,B-REPORTING,e8,1,report,report,reported,VBN,POS,VB,33,PAST,reported,76,7,reported-VB,report-VB
AP_20130322,3,e9,NONE,105,B-REPORTING,e9,1,say,say,said,VBD,POS,VB,101,PAST,said,91,22,said-VB,say-VB
AP_20130322,3,e10,NONE,139,B-REPORTING,e10,1,say,say,said,VBD,POS,VB,135,PAST,said,98,29,said-VB,say-VB
AP_20130322,4,e11,NONE,24,B-OCCURRENCE,e11,1,die,die,die,VB,POS,VB,21,PRESENT,die,104,4,die-VB,die-VB
AP_20130322,5,e1000032,NONE,40,B-OCCURRENCE,e1000032,1,pandemic,pandemic,pandemic,NN,POS,NN,32,NONE,pandemic,117,7,pandemic-NN,pandemic-NN
AP_20130322,5,e12,NONE,80,B-OCCURRENCE,e12,1,die,die,died,VBD,POS,VB,76,PAST,died,126,16,died-VB,die-VB
AP_20130322,6,e13,NONE,18,B-I_ACTION,e13,1,recommend,recommend,recommends,VBZ,POS,VB,8,PRESENT,recommends,130,3,recommends-VB,recommend-VB
AP_20130322,6,e2001,NONE,74,B-OCCURRENCE,e2001,1,vaccinate,vaccinate,vaccinated,VBN,POS,VB,64,INFINITIVE,vaccinated,140,13,vaccinated-VB,vaccinate-VB
AP_20130322,7,e16,NONE,37,B-OCCURRENCE,e16,1,die,die,died,VBD,POS,VB,33,PAST,died,165,8,died-VB,die-VB
AP_20130322,7,e17,NONE,70,B-OCCURRENCE,e17,1,vaccinate,vaccinate,vaccinated,VBN,POS,VB,60,INFINITIVE,vaccinated,171,14,vaccinated-VB,vaccinate-VB
AP_20130322,7,e19,NONE,118,B-OCCURRENCE,e19,1,vaccinate,vaccinate,vaccinated,VBN,NEG,VB,108,PASTPART,vaccinated,181,24,vaccinated-VB,vaccinate-VB
AP_20130322,7,e20,NONE,139,B-REPORTING,e20,1,say,say,said,VBD,POS,VB,135,PAST,said,185,28,said-VB,say-VB
AP_20130322,8,e21,NONE,35,B-I_STATE,e21,1,consider,consider,considered,VBN,POS,VB,25,PAST,considered,192,6,considered-VB,consider-VB
AP_20130322,8,e22,NONE,82,B-OCCURRENCE,e22,1,work,work,work,VB,NEG,VB,78,PAST,work,201,15,work-VB,work-VB
AP_20130322,9,e2002,NONE,47,B-OCCURRENCE,e2002,1,season,season,season,NN,POS,NN,41,NONE,season,216,9,season-NN,season-NN
AP_20130322,11,e1000033,PERFECTIVE,101,B-STATE,e1000033,1,grim,grim,grim,JJ,POS,JJ,97,PAST,grim,256,18,grim-JJ,grim-JJ
AP_20130322,12,e26,NONE,58,B-OCCURRENCE,e26,1,hospitalize,hospitalize,hospitalized,VBN,POS,VB,46,PAST,hospitalized,268,11,hospitalized-VB,hospitalize-VB
AP_20130322,14,e2003,NONE,15,B-OCCURRENCE,e2003,1,season,season,season,NN,POS,NN,9,NONE,season,293,3,season-NN,season-NN
AP_20130322,14,e27,NONE,23,B-ASPECTUAL,e27,1,start,start,started,VBD,POS,VB,16,PAST,started,294,4,started-VB,start-VB
AP_20130322,14,e1000035,NONE,83,B-OCCURRENCE,e1000035,1,peak,peak,peaked,VBD,POS,VB,77,PAST,peaked,306,16,peaked-VB,peak-VB
AP_20130322,15,e28,PERFECTIVE_PROGRESSIVE,43,B-OCCURRENCE,e28,1,drop,drop,dropping,VBG,POS,VB,35,PAST,dropping,320,8,dropping-VB,drop-VB
AP_20130322,16,e29,NONE,12,B-PERCEPTION,e29,1,appear,appear,appear,VBP,POS,VB,6,PRESENT,appear,328,3,appear-VB,appear-VB
AP_20130322,16,e30,PROGRESSIVE,26,B-OCCURRENCE,e30,1,get,get,getting,VBG,POS,VB,19,PRESENT,getting,331,6,getting-VB,get-VB
AP_20130322,16,e2004,NONE,57,B-OCCURRENCE,e2004,1,season,season,season,NN,POS,NN,51,NONE,season,338,13,season-NN,season-NN
AP_20130322,16,e31,NONE,73,B-REPORTING,e31,1,say,say,said,VBD,POS,VB,69,PAST,said,342,17,said-VB,say-VB
bbc_20130322_1150,0,e1,NONE,59,B-OCCURRENCE,e1,1,conquer,conquer,conquered,VBD,POS,VB,50,PAST,conquered,10,10,conquered-VB,conquer-VB
bbc_20130322_1150,0,e2,PERFECTIVE,84,B-OCCURRENCE,e2,1,die,die,died,VBN,POS,VB,80,PRESENT,died,15,15,died-VB,die-VB
bbc_20130322_1150,1,e3,NONE,23,B-OCCURRENCE,e3,1,die,die,died,VBD,POS,VB,19,PAST,died,27,6,died-VB,die-VB
bbc_20130322_1150,1,e45,NONE,72,B-OCCURRENCE,e45,1,illness,illness,illness,NN,POS,NN,65,PAST,illness,35,14,illness-NN,illness-NN
bbc_20130322_1150,2,e4,NONE,57,B-I_STATE,e4,1,help,help,helped,VBD,POS,VB,51,PAST,helped,55,11,helped-VB,help-VB
bbc_20130322_1150,3,e6,NONE,51,B-OCCURRENCE,e6,1,pay,pay,paid,VBD,POS,VB,47,PAST,paid,75,8,paid-VB,pay-VB
bbc_20130322_1150,3,e7,NONE,111,B-OCCURRENCE,e7,1,shun,shun,shunned,VBD,POS,VB,104,PAST,shunned,87,20,shunned-VB,shun-VB
bbc_20130322_1150,4,e8,NONE,17,B-OCCURRENCE,e8,1,take,take,took,VBD,POS,VB,13,PAST,took,94,4,took-VB,take-VB
bbc_20130322_1150,4,e9,NONE,56,B-OCCURRENCE,e9,1,expedition,expedition,expedition,NN,POS,NN,46,PAST,expedition,99,9,expedition-NN,expedition-NN
bbc_20130322_1150,4,e10,NONE,82,B-OCCURRENCE,e10,1,make,make,made,VBD,POS,VB,78,PAST,made,106,16,made-VB,make-VB
bbc_20130322_1150,4,e11,NONE,121,B-OCCURRENCE,e11,1,cross,cross,crossing,VBG,POS,VB,113,PAST,crossing,111,21,crossing-VB,cross-VB
bbc_20130322_1150,5,e12,NONE,13,B-OCCURRENCE,e12,1,make,make,made,VBD,POS,VB,9,PAST,made,121,3,made-VB,make-VB
bbc_20130322_1150,5,e13,NONE,25,B-OCCURRENCE,e13,1,expedition,expedition,expeditions,NNS,POS,NN,14,PAST,expeditions,122,4,expeditions-NN,expedition-NN
bbc_20130322_1150,6,e14,NONE,42,B-REPORTING,e14,1,say,say,said,VBD,POS,VB,38,PAST,said,139,10,said-VB,say-VB
bbc_20130322_1150,6,e15,NONE,87,B-I_STATE,e15,1,estimate,estimate,estimated,VBD,POS,VB,78,PAST,estimated,147,18,estimated-VB,estimate-VB
bbc_20130322_1150,6,e16,NONE,99,B-OCCURRENCE,e16,1,do,do,do,VB,POS,VB,97,PRESENT,do,150,21,do-VB,do-VB
bbc_20130322_1150,6,e17,NONE,127,B-OCCURRENCE,e17,1,get,get,got,VBD,POS,VB,124,PAST,got,158,29,got-VB,get-VB
bbc_20130322_1150,8,e18,NONE,6,B-STATE,e18,1,have,have,had,VBD,POS,VB,3,PAST,had,177,2,had-VB,have-VB
bbc_20130322_1150,9,e19,NONE,18,B-I_STATE,e19,1,pleased,pleased,pleased,JJ,POS,JJ,11,PAST,pleased,185,4,pleased-JJ,pleased-JJ
bbc_20130322_1150,9,e20,NONE,52,B-I_STATE,e20,1,know,know,knew,VBD,POS,VB,48,PAST,knew,191,10,knew-VB,know-VB
bbc_20130322_1150,9,e21,NONE,78,B-I_STATE,e21,1,think,think,thought,VBD,POS,VB,71,PAST,thought,197,16,thought-VB,think-VB
bbc_20130322_1150,9,e22,NONE,106,B-OCCURRENCE,e22,1,stop,stop,stop,VB,POS,VB,102,FUTURE,stop,203,22,stop-VB,stop-VB
bbc_20130322_1150,10,e23,NONE,14,B-REPORTING,e23,1,talk,talk,talked,VBD,POS,VB,8,PAST,talked,208,3,talked-VB,talk-VB
bbc_20130322_1150,10,e24,NONE,88,B-OCCURRENCE,e24,1,wear,wear,wear,VB,POS,VB,84,INFINITIVE,wear,224,19,wear-VB,wear-VB
bbc_20130322_1150,10,e25,NONE,117,B-OCCURRENCE,e25,1,work,work,work,VB,POS,VB,113,INFINITIVE,work,230,25,work-VB,work-VB
bbc_20130322_1150,12,e28,NONE,66,B-REPORTING,e28,1,say,say,said,VBD,POS,VB,62,PAST,said,263,17,said-VB,say-VB
bbc_20130322_1150,13,e29,NONE,120,B-OCCURRENCE,e29,1,meet,meet,met,VBD,POS,VB,117,PAST,met,285,21,met-VB,meet-VB
bbc_20130322_1150,13,e30,NONE,145,B-REPORTING,e30,1,call,call,called,VBD,POS,VB,139,PAST,called,291,27,called-VB,call-VB
bbc_20130322_1150,14,e34,NONE,99,B-REPORTING,e34,1,say,say,said,VBD,POS,VB,95,PAST,said,322,25,said-VB,say-VB
bbc_20130322_1150,15,e52,NONE,48,B-OCCURRENCE,e52,1,climb,climb,climb,NN,POS,NN,43,PAST,climb,332,9,climb-NN,climb-NN
bbc_20130322_1150,15,e53,NONE,77,B-OCCURRENCE,e53,1,work,work,worked,VBD,POS,VB,71,PAST,worked,339,16,worked-VB,work-VB
bbc_20130322_1150,15,e35,NONE,125,B-OCCURRENCE,e35,1,publish,publish,published,VBN,POS,VB,116,FUTURE,published,349,26,published-VB,publish-VB
bbc_20130322_1150,16,e36,NONE,7,B-REPORTING,e36,1,say,say,said,VBD,POS,VB,3,PAST,said,354,2,said-VB,say-VB
bbc_20130322_1150,16,e37,NONE,64,B-OCCURRENCE,e37,1,seek,seek,sought,VBD,NEG,VB,58,PAST,sought,366,14,sought-VB,seek-VB
bbc_20130322_1150,16,e54,NONE,111,B-OCCURRENCE,e54,1,Everest,everest,everest,NNP,POS,NN,104,PAST,Everest,375,23,everest-NN,everest-NN
bbc_20130322_1150,16,e38,NONE,136,B-OCCURRENCE,e38,1,deserve,deserve,deserve,VBP,POS,VB,129,PRESENT,deserve,378,26,deserve-VB,deserve-VB
bbc_20130322_1150,17,e39,NONE,18,B-OCCURRENCE,e39,1,involve,involve,involved,VBN,POS,VB,10,PAST,involved,385,4,involved-VB,involve-VB
bbc_20130322_1150,17,e56,NONE,60,B-OCCURRENCE,e56,1,exploration,exploration,explorations,NNS,POS,NN,48,PAST,explorations,392,11,explorations-NN,exploration-NN
bbc_20130322_1150,17,e40,NONE,97,B-STATE,e40,1,remain,remain,remained,VBD,POS,VB,89,PAST,remained,399,18,remained-VB,remain-VB
bbc_20130322_1150,17,e2000,NONE,135,B-OCCURRENCE,e2000,1,end,end,end,NN,POS,NN,132,PAST,end,408,27,end-NN,end-NN
bbc_20130322_1150,18,e41,NONE,15,B-OCCURRENCE,e41,1,retire,retire,retiring,VBG,POS,VB,7,PRESPART,retiring,419,2,retiring-VB,retire-VB
bbc_20130322_1150,18,e42,NONE,40,B-OCCURRENCE,e42,1,work,work,worked,VBD,POS,VB,34,PAST,worked,425,8,worked-VB,work-VB
bbc_20130322_1150,18,e43,NONE,129,B-OCCURRENCE,e43,1,leave,leave,leaves,VBZ,POS,VB,123,PRESENT,leaves,441,24,leaves-VB,leave-VB
bbc_20130322_1150,18,e57,NONE,165,B-OCCURRENCE,e57,1,marriage,marriage,marriage,NN,POS,NN,157,PAST,marriage,447,30,marriage-NN,marriage-NN
bbc_20130322_1150,19,e44,NONE,74,B-OCCURRENCE,e44,1,die,die,died,VBD,POS,VB,70,PAST,died,462,14,died-VB,die-VB
bbc_20130322_1353,0,e1,PERFECTIVE,39,B-OCCURRENCE,e1,1,apologise,apologise,apologised,VBN,POS,VB,29,PRESENT,apologised,6,6,apologised-VB,apologise-VB
bbc_20130322_1353,0,e38,NONE,67,B-OCCURRENCE,e38,1,error,error,errors,NNS,POS,NN,61,PAST,errors,12,12,errors-NN,error-NN
bbc_20130322_1353,0,e2,PERFECTIVE,87,B-OCCURRENCE,e2,1,lead,lead,led,VBN,POS,VB,84,NONE,led,16,16,led-VB,lead-VB
bbc_20130322_1353,0,e3,PERFECTIVE,95,B-OCCURRENCE,e3,1,loss,loss,loss,NN,POS,NN,91,NONE,loss,18,18,loss-NN,loss-NN
bbc_20130322_1353,0,e4,NONE,136,B-OCCURRENCE,e4,1,raid,raid,raid,NN,POS,NN,132,PAST,raid,26,26,raid-NN,raid-NN
bbc_20130322_1353,0,e5,NONE,166,B-I_ACTION,e5,1,try,try,tried,VBD,POS,VB,161,PAST,tried,32,32,tried-VB,try-VB
bbc_20130322_1353,0,e6,NONE,176,B-I_STATE,e6,1,breach,breach,breach,VB,POS,VB,170,INFINITIVE,breach,34,34,breach-VB,breach-VB
bbc_20130322_1353,0,e100,NONE,194,B-OCCURRENCE,e100,1,blockade,blockade,blockade,NN,POS,NN,186,PAST,blockade,37,37,blockade-NN,blockade-NN
bbc_20130322_1353,1,e8,NONE,30,B-I_ACTION,e8,1,agree,agree,agreed,VBD,POS,VB,24,PAST,agreed,42,4,agreed-VB,agree-VB
bbc_20130322_1353,1,e9,NONE,94,B-OCCURRENCE,e9,1,compensate,compensate,compensate,VB,POS,VB,84,INFINITIVE,compensate,51,13,compensate-VB,compensate-VB
bbc_20130322_1353,1,e10,NONE,145,B-OCCURRENCE,e10,1,kill,kill,killed,VBN,POS,VB,139,PAST,killed,60,22,killed-VB,kill-VB
bbc_20130322_1353,2,e11,NONE,42,B-OCCURRENCE,e11,1,express,express,expressed,VBD,POS,VB,33,PAST,expressed,67,6,expressed-VB,express-VB
bbc_20130322_1353,2,e39,NONE,64,B-OCCURRENCE,e39,1,death,death,deaths,NNS,POS,NN,58,PAST,deaths,71,10,deaths-NN,death-NN
bbc_20130322_1353,3,e12,NONE,8,B-OCCURRENCE,e12,1,deal,deal,deal,NN,POS,NN,4,PAST,deal,74,2,deal-NN,deal-NN
bbc_20130322_1353,3,e13,NONE,21,B-OCCURRENCE,e13,1,broker,broker,brokered,VBN,POS,VB,13,PAST,brokered,76,4,brokered-VB,broker-VB
bbc_20130322_1353,3,e14,NONE,65,B-OCCURRENCE,e14,1,visit,visit,visit,NN,POS,NN,60,PAST,visit,84,12,visit-NN,visit-NN
bbc_20130322_1353,4,e15,NONE,25,B-REPORTING,e15,1,say,say,said,VBD,POS,VB,21,PAST,said,92,5,said-VB,say-VB
bbc_20130322_1353,4,e16,PERFECTIVE,41,B-OCCURRENCE,e16,1,accept,accept,accepted,VBN,POS,VB,33,PAST,accepted,95,8,accepted-VB,accept-VB
bbc_20130322_1353,4,e40,NONE,53,B-OCCURRENCE,e40,1,apology,apology,apology,NN,POS,NN,46,PAST,apology,97,10,apology-NN,apology-NN
bbc_20130322_1353,5,e17,PERFECTIVE,33,B-OCCURRENCE,e17,1,give,give,given,VBN,POS,VB,28,PAST,given,116,8,given-VB,give-VB
bbc_20130322_1353,5,e18,NONE,62,B-OCCURRENCE,e18,1,restore,restore,restoring,VBG,POS,VB,53,PRESPART,restoring,120,12,restoring-VB,restore-VB
bbc_20130322_1353,6,e19,NONE,23,B-OCCURRENCE,e19,1,kill,kill,killed,VBN,POS,VB,17,PAST,killed,138,4,killed-VB,kill-VB
bbc_20130322_1353,6,e20,NONE,90,B-OCCURRENCE,e20,1,board,board,boarded,VBN,POS,VB,83,PAST,boarded,152,18,boarded-VB,board-VB
bbc_20130322_1353,6,e21,PROGRESSIVE,124,B-I_ACTION,e21,1,try,try,trying,VBG,POS,VB,118,PRESENT,trying,157,23,trying-VB,try-VB
bbc_20130322_1353,6,e22,NONE,137,B-OCCURRENCE,e22,1,transport,transport,transport,VB,POS,VB,128,INFINITIVE,transport,159,25,transport-VB,transport-VB
bbc_20130322_1353,7,e23,NONE,31,B-I_STATE,e23,1,admit,admit,admitted,VBD,POS,VB,23,PAST,admitted,178,4,admitted-VB,admit-VB
bbc_20130322_1353,7,e24,NONE,40,B-OCCURRENCE,e24,1,mistake,mistake,mistakes,NNS,POS,NN,32,PAST,mistakes,179,5,mistakes-NN,mistake-NN
bbc_20130322_1353,7,e42,NONE,76,B-OCCURRENCE,e42,1,intelligence-gathering,intelligence-gathering,intelligence-gathering,NN,POS,NN,54,PAST,intelligence-gathering,183,9,intelligence-gathering-NN,intelligence-gathering-NN
bbc_20130322_1353,7,e43,NONE,89,B-OCCURRENCE,e43,1,planning,planning,planning,NN,POS,NN,81,NONE,planning,185,11,planning-NN,planning-NN
bbc_20130322_1353,7,e25,NONE,104,B-I_ACTION,e25,1,insist,insist,insisted,VBD,POS,VB,96,PAST,insisted,188,14,insisted-VB,insist-VB
bbc_20130322_1353,7,e26,NONE,123,B-OCCURRENCE,e26,1,use,use,used,VBN,POS,VB,119,PAST,used,191,17,used-VB,use-VB
bbc_20130322_1353,7,e27,PERFECTIVE,167,B-OCCURRENCE,e27,1,attack,attack,attacked,VBN,POS,VB,159,PAST,attacked,197,23,attacked-VB,attack-VB
bbc_20130322_1353,8,e28,NONE,18,B-REPORTING,e28,1,say,say,said,VBD,POS,VB,14,PAST,said,202,3,said-VB,say-VB
bbc_20130322_1353,8,e29,PERFECTIVE,40,B-ASPECTUAL,e29,1,open,open,opened,VBN,POS,VB,34,PAST,opened,206,7,opened-VB,open-VB
bbc_20130322_1353,8,e30,PERFECTIVE,45,B-OCCURRENCE,e30,1,fire,fire,fire,NN,POS,NN,41,PAST,fire,207,8,fire-NN,fire-NN
bbc_20130322_1353,8,e31,NONE,69,B-OCCURRENCE,e31,1,board,board,boarded,VBD,POS,VB,62,PAST,boarded,212,13,boarded-VB,board-VB
bbc_20130322_1353,9,e32,NONE,12,B-OCCURRENCE,e32,1,incident,incident,incident,NN,POS,NN,4,PAST,incident,226,2,incident-NN,incident-NN
bbc_20130322_1353,9,e33,NONE,21,B-OCCURRENCE,e33,1,provoke,provoke,provoked,VBD,POS,VB,13,PAST,provoked,227,3,provoked-VB,provoke-VB
bbc_20130322_1353,9,e44,NONE,45,B-OCCURRENCE,e44,1,outcry,outcry,outcry,NN,POS,NN,39,PAST,outcry,230,6,outcry-NN,outcry-NN
bbc_20130322_1353,9,e34,NONE,53,B-OCCURRENCE,e34,1,lead,lead,led,VBD,POS,VB,50,PAST,led,232,8,led-VB,lead-VB
bbc_20130322_1353,9,e45,NONE,78,B-OCCURRENCE,e45,1,deterioration,deterioration,deterioration,NN,POS,NN,65,PAST,deterioration,236,12,deterioration-NN,deterioration-NN
bbc_20130322_1353,10,e35,NONE,16,B-OCCURRENCE,e35,1,depart,depart,departing,VBG,POS,VB,7,PRESPART,departing,245,2,departing-VB,depart-VB
bbc_20130322_1353,10,e36,NONE,67,B-OCCURRENCE,e36,1,reveal,reveal,revealed,VBD,POS,VB,59,PAST,revealed,254,11,revealed-VB,reveal-VB
bbc_20130322_1353,10,e37,PERFECTIVE,116,B-OCCURRENCE,e37,1,speak,speak,spoken,VBN,POS,VB,110,PAST,spoken,263,20,spoken-VB,speak-VB
bbc_20130322_1600,0,e1,PROGRESSIVE,10,B-OCCURRENCE,e1,1,snow,snow,snow,NN,POS,NN,6,PRESENT,snow,2,2,snow-NN,snow-NN
bbc_20130322_1600,0,e2,PROGRESSIVE,21,B-OCCURRENCE,e2,1,cause,cause,causing,VBG,POS,VB,14,PRESENT,causing,4,4,causing-VB,cause-VB
bbc_20130322_1600,0,e3,NONE,32,B-OCCURRENCE,e3,1,disruption,disruption,disruption,NN,POS,NN,22,NONE,disruption,5,5,disruption-NN,disruption-NN
bbc_20130322_1600,0,e1000,NONE,81,B-OCCURRENCE,e1000,1,rainfall,rainfall,rainfall,NNS,POS,NN,73,PRESENT,rainfall,14,14,rainfall-NN,rainfall-NN
bbc_20130322_1600,0,e5,PROGRESSIVE,90,B-ASPECTUAL,e5,1,bring,bring,bringing,VBG,POS,VB,82,PRESENT,bringing,15,15,bringing-VB,bring-VB
bbc_20130322_1600,0,e1001,NONE,99,B-OCCURRENCE,e1001,1,flooding,flooding,flooding,NN,POS,NN,91,PRESENT,flooding,16,16,flooding-NN,flooding-NN
bbc_20130322_1600,1,e6,NONE,18,B-OCCURRENCE,e6,1,search,search,searching,VBG,POS,VB,9,PRESPART,searching,24,2,searching-VB,search-VB
bbc_20130322_1600,1,e7,NONE,38,B-STATE,e7,1,trap,trap,trapped,VBN,POS,VB,31,PASTPART,trapped,28,6,trapped-VB,trap-VB
bbc_20130322_1600,1,e8,NONE,91,B-REPORTING,e8,1,say,say,said,VBD,POS,VB,87,PAST,said,40,18,said-VB,say-VB
bbc_20130322_1600,1,e9,PERFECTIVE,106,B-OCCURRENCE,e9,1,find,find,found,VBN,POS,VB,101,PAST,found,43,21,found-VB,find-VB
bbc_20130322_1600,2,e10,NONE,44,B-I_STATE,e10,1,affect,affect,affected,VBN,POS,VB,36,PAST,affected,52,6,affected-VB,affect-VB
bbc_20130322_1600,2,e28,NONE,58,B-OCCURRENCE,e28,1,blackout,blackout,blackout,NN,POS,NN,50,NONE,blackout,55,9,blackout-NN,blackout-NN
bbc_20130322_1600,2,e11,PROGRESSIVE,80,B-ASPECTUAL,e11,1,start,start,starting,VBG,POS,VB,72,PRESENT,starting,59,13,starting-VB,start-VB
bbc_20130322_1600,2,e12,PERFECTIVE,95,B-STATE,e12,1,restore,restore,restored,VBN,POS,VB,87,PRESENT,restored,62,16,restored-VB,restore-VB
bbc_20130322_1600,3,e29,NONE,39,B-OCCURRENCE,e29,1,qualifier,qualifier,qualifier,NN,POS,NN,30,NONE,qualifier,69,6,qualifier-NN,qualifier-NN
bbc_20130322_1600,3,e13,PERFECTIVE,70,B-I_ACTION,e13,1,postpone,postpone,postponed,VBN,POS,VB,61,PRESENT,postponed,74,11,postponed-VB,postpone-VB
bbc_20130322_1600,4,e30,NONE,90,B-OCCURRENCE,e30,1,cover,cover,covering,VBG,POS,VB,82,PRESPART,covering,100,17,covering-VB,cover-VB
bbc_20130322_1600,5,e14,NONE,10,B-OCCURRENCE,e14,1,come,come,comes,VBZ,POS,VB,5,PRESENT,comes,107,2,comes-VB,come-VB
bbc_20130322_1600,5,e15,NONE,44,B-ASPECTUAL,e15,1,start,start,start,NN,POS,NN,39,NONE,start,114,9,start-NN,start-NN
bbc_20130322_1600,5,e31,NONE,67,B-OCCURRENCE,e31,1,time,time,time,NN,POS,NN,63,NONE,Time,118,13,time-NN,time-NN
bbc_20130322_1600,6,e16,NONE,20,B-REPORTING,e16,1,say,say,said,VBD,POS,VB,16,PAST,said,122,3,said-VB,say-VB
bbc_20130322_1600,6,e17,NONE,41,B-OCCURRENCE,e17,1,cause,cause,cause,VB,POS,VB,36,FUTURE,cause,126,7,cause-VB,cause-VB
bbc_20130322_1600,6,e19,NONE,59,B-OCCURRENCE,e19,1,disruption,disruption,disruption,NN,POS,NN,49,NONE,disruption,128,9,disruption-NN,disruption-NN
bbc_20130322_1600,6,e20,NONE,152,B-OCCURRENCE,e20,1,fall,fall,falling,VBG,POS,VB,145,PRESPART,falling,144,25,falling-VB,fall-VB
bbc_20130322_1600,7,e21,NONE,38,B-I_STATE,e21,1,expect,expect,expected,VBN,POS,VB,30,NONE,expected,152,5,expected-VB,expect-VB
bbc_20130322_1600,7,e22,NONE,65,B-REPORTING,e22,1,say,say,said,VBD,POS,VB,61,PAST,said,158,11,said-VB,say-VB
bbc_20130322_1600,8,e23,NONE,115,B-STATE,e23,1,be,be,be,VB,POS,VB,113,FUTURE,be,179,20,be-VB,be-VB
bbc_20130322_1600,8,e1002,NONE,134,B-I_STATE,e1002,1,affect,affect,affected,VBN,POS,VB,126,PASTPART,affected,182,23,affected-VB,affect-VB
bbc_20130322_1600,8,e24,NONE,170,B-OCCURRENCE,e24,1,blow,blow,blow,VB,POS,VB,166,FUTURE,blow,189,30,blow-VB,blow-VB
bbc_20130322_1600,8,e25,NONE,227,B-OCCURRENCE,e25,1,add,add,added,VBD,POS,VB,222,PAST,added,198,39,added-VB,add-VB
bbc_20130322_332,0,e1,PERFECTIVE,21,B-REPORTING,e1,1,say,say,said,VBD,POS,VB,17,PRESENT,said,5,5,said-VB,say-VB
bbc_20130322_332,0,e2,NONE,33,B-OCCURRENCE,e2,1,buy,buy,buy,VB,POS,VB,30,FUTURE,buy,8,8,buy-VB,buy-VB
bbc_20130322_332,0,e3,NONE,66,B-OCCURRENCE,e3,1,return,return,returning,VBG,POS,VB,57,PRESPART,returning,15,15,returning-VB,return-VB
bbc_20130322_332,0,e4,PERFECTIVE,105,B-OCCURRENCE,e4,1,put,put,put,VBN,POS,VB,102,PAST,put,22,22,put-VB,put-VB
bbc_20130322_332,1,e5,NONE,7,B-REPORTING,e5,1,say,say,said,VBD,POS,VB,3,PAST,said,30,2,said-VB,say-VB
bbc_20130322_332,1,e6,NONE,22,B-I_STATE,e6,1,expect,expect,expected,VBN,POS,VB,14,PAST,expected,33,5,expected-VB,expect-VB
bbc_20130322_332,1,e7,NONE,32,B-OCCURRENCE,e7,1,return,return,return,VB,POS,VB,26,INFINITIVE,return,35,7,return-VB,return-VB
bbc_20130322_332,1,e8,NONE,123,B-OCCURRENCE,e8,1,investment,investment,investment,NN,POS,NN,113,PAST,investment,50,22,investment-NN,investment-NN
bbc_20130322_332,2,e9,NONE,9,B-I_ACTION,e9,1,agree,agree,agreed,VBD,POS,VB,3,PAST,agreed,56,2,agreed-VB,agree-VB
bbc_20130322_332,2,e10,NONE,17,B-OCCURRENCE,e10,1,sell,sell,sell,VB,POS,VB,13,INFINITIVE,sell,58,4,sell-VB,sell-VB
bbc_20130322_332,3,e11,NONE,11,B-OCCURRENCE,e11,1,invest,invest,invested,VBD,POS,VB,3,PAST,invested,84,2,invested-VB,invest-VB
bbc_20130322_332,4,e12,NONE,37,B-REPORTING,e12,1,say,say,said,VBD,POS,VB,33,PAST,said,94,5,said-VB,say-VB
bbc_20130322_332,4,e13,NONE,52,B-I_STATE,e13,1,expect,expect,expect,VBP,POS,VB,46,PRESENT,expect,98,9,expect-VB,expect-VB
bbc_20130322_332,4,e14,NONE,87,B-OCCURRENCE,e14,1,generate,generate,generate,VB,POS,VB,79,FUTURE,generate,104,15,generate-VB,generate-VB
bbc_20130322_332,5,e15,NONE,44,B-I_ACTION,e15,1,allow,allow,allow,VB,POS,VB,39,NONE,allow,119,7,allow-VB,allow-VB
bbc_20130322_332,5,e16,NONE,68,B-OCCURRENCE,e16,1,see,see,see,VB,POS,VB,65,INFINITIVE,see,123,11,see-VB,see-VB
bbc_20130322_332,5,e17,PERFECTIVE,126,B-OCCURRENCE,e17,1,realise,realise,realised,VBN,POS,VB,118,PRESENT,realised,133,21,realised-VB,realise-VB
bbc_20130322_332,5,e18,NONE,139,B-OCCURRENCE,e18,1,reshape,reshape,reshaping,VBG,POS,VB,130,PRESPART,reshaping,135,23,reshaping-VB,reshape-VB
bbc_20130322_332,6,e19,NONE,10,B-I_STATE,e19,1,expect,expect,expects,VBZ,POS,VB,3,PRESENT,expects,142,2,expects-VB,expect-VB
bbc_20130322_332,6,e20,NONE,49,B-OCCURRENCE,e20,1,take,take,take,VB,POS,VB,45,NONE,take,148,8,take-VB,take-VB
bbc_20130322_332,6,e21,NONE,86,B-ASPECTUAL,e21,1,complete,complete,complete,VB,POS,VB,78,INFINITIVE,complete,155,15,complete-VB,complete-VB
bbc_20130322_332,7,e22,NONE,22,B-OCCURRENCE,e22,1,invest,invest,invested,VBD,POS,VB,14,PAST,invested,161,5,invested-VB,invest-VB
bbc_20130322_332,7,e44,NONE,80,B-OCCURRENCE,e44,1,formation,formation,formation,NN,POS,NN,71,NONE,formation,173,17,formation-NN,formation-NN
bbc_20130322_332,7,e23,NONE,114,B-REPORTING,e23,1,say,say,said,VBD,POS,VB,110,PAST,said,181,25,said-VB,say-VB
bbc_20130322_332,8,e24,NONE,40,B-OCCURRENCE,e24,1,receive,receive,received,VBD,POS,VB,32,PAST,received,189,7,received-VB,receive-VB
bbc_20130322_332,9,e25,PERFECTIVE,26,B-OCCURRENCE,e25,1,involvement,involvement,involvement,NN,POS,NN,15,NONE,involvement,206,4,involvement-NN,involvement-NN
bbc_20130322_332,9,e45,PERFECTIVE,74,B-STATE,e45,1,lucrative,lucrative,lucrative,JJ,POS,JJ,65,PRESENT,lucrative,214,12,lucrative-JJ,lucrative-JJ
bbc_20130322_332,9,e26,PERFECTIVE,128,B-STATE,e26,1,fraught,fraught,fraught,JJ,POS,JJ,121,PRESENT,fraught,223,21,fraught-JJ,fraught-JJ
bbc_20130322_332,10,e27,NONE,38,B-I_ACTION,e27,1,attempt,attempt,attempted,VBD,POS,VB,29,PAST,attempted,233,7,attempted-VB,attempt-VB
bbc_20130322_332,10,e28,NONE,47,B-ASPECTUAL,e28,1,block,block,block,VB,POS,VB,42,INFINITIVE,block,235,9,block-VB,block-VB
bbc_20130322_332,10,e29,NONE,164,B-OCCURRENCE,e29,1,drop,drop,dropped,VBN,POS,VB,157,PAST,dropped,255,29,dropped-VB,drop-VB
bbc_20130322_332,11,e30,PERFECTIVE,65,B-OCCURRENCE,e30,1,fall,fall,fallen,VBN,POS,VB,59,PRESENT,fallen,268,12,fallen-VB,fall-VB
bbc_20130322_332,12,e31,PROGRESSIVE,13,B-OCCURRENCE,e31,1,serve,serve,serving,VBG,POS,VB,6,PAST,serving,275,2,serving-VB,serve-VB
bbc_20130322_332,12,e33,NONE,100,B-OCCURRENCE,e33,1,bug,bug,bugged,VBD,POS,VB,94,PAST,bugged,296,23,bugged-VB,bug-VB
bbc_20130322_332,12,e34,NONE,111,B-OCCURRENCE,e34,1,raid,raid,raided,VBD,POS,VB,105,PAST,raided,298,25,raided-VB,raid-VB
bbc_20130322_332,12,e35,NONE,133,B-OCCURRENCE,e35,1,meet,meet,met,VBD,POS,VB,130,PAST,met,303,30,met-VB,meet-VB
bbc_20130322_332,12,e47,NONE,163,B-OCCURRENCE,e47,1,demand,demand,demands,NNS,POS,NN,156,PAST,demands,307,34,demands-NN,demand-NN
bbc_20130322_332,12,e48,NONE,178,B-OCCURRENCE,e48,1,action,action,action,NN,POS,NN,172,PAST,action,310,37,action-NN,action-NN
bbc_20130322_332,12,e49,NONE,196,B-OCCURRENCE,e49,1,problem,problem,problems,NNS,POS,NN,188,PAST,problems,313,40,problems-NN,problem-NN
bbc_20130322_332,13,e36,NONE,18,B-OCCURRENCE,e36,1,flee,flee,fled,VBD,POS,VB,14,PAST,fled,317,3,fled-VB,flee-VB
bbc_20130322_332,14,e50,NONE,14,B-OCCURRENCE,e50,1,tie-up,tie-up,tie-up,NN,POS,NN,8,NONE,tie-up,325,3,tie-up-NN,tie-up-NN
bbc_20130322_332,14,e37,NONE,37,B-ASPECTUAL,e37,1,keep,keep,keep,VB,POS,VB,33,FUTURE,keep,329,7,keep-VB,keep-VB
bbc_20130322_332,14,e38,NONE,61,B-I_ACTION,e38,1,allow,allow,allowing,VBG,POS,VB,53,PRESPART,allowing,334,12,allowing-VB,allow-VB
bbc_20130322_332,14,e39,NONE,76,B-ASPECTUAL,e39,1,continue,continue,continue,VB,POS,VB,68,INFINITIVE,continue,337,15,continue-VB,continue-VB
bbc_20130322_332,14,e40,NONE,87,B-OCCURRENCE,e40,1,explore,explore,explore,VB,POS,VB,80,INFINITIVE,explore,339,17,explore-VB,explore-VB
bbc_20130322_332,15,e42,NONE,20,B-OCCURRENCE,e42,1,benefit,benefit,benefits,NNS,POS,NN,12,PRESENT,benefits,357,3,benefits-NN,benefit-NN
bbc_20130322_721,0,e1,PERFECTIVE,45,B-OCCURRENCE,e1,1,raid,raid,raided,VBN,POS,VB,39,PRESENT,raided,7,7,raided-VB,raid-VB
bbc_20130322_721,1,e2,NONE,34,B-OCCURRENCE,e2,1,document,document,documenting,VBG,POS,VB,23,PRESPART,documenting,30,5,documenting-VB,document-VB
bbc_20130322_721,1,e3,NONE,54,B-OCCURRENCE,e3,1,abuse,abuse,abuses,NNS,POS,NN,48,NONE,abuses,33,8,abuses-NN,abuse-NN
bbc_20130322_721,2,e4,PERFECTIVE,35,B-REPORTING,e4,1,voice,voice,voiced,VBN,POS,VB,29,PRESENT,voiced,43,7,voiced-VB,voice-VB
bbc_20130322_721,2,e5,NONE,53,B-I_ACTION,e5,1,ask,ask,asked,VBD,POS,VB,48,PAST,asked,46,10,asked-VB,ask-VB
bbc_20130322_721,2,e1000,NONE,95,B-OCCURRENCE,e1000,1,explanation,explanation,explanation,NN,POS,NN,84,FUTURE,explanation,52,16,explanation-NN,explanation-NN
bbc_20130322_721,3,e6,NONE,22,B-STATE,e6,1,say,say,says,VBZ,POS,VB,18,PRESENT,says,58,5,says-VB,say-VB
bbc_20130322_721,4,e1000016,NONE,24,B-OCCURRENCE,e1000016,1,repression,repression,repressions,NNS,POS,NN,13,PAST,repressions,85,4,repressions-NN,repression-NN
bbc_20130322_721,4,e10,NONE,97,B-OCCURRENCE,e10,1,denounce,denounce,denounce,VB,POS,VB,89,INFINITIVE,denounce,99,18,denounce-VB,denounce-VB
bbc_20130322_721,4,e11,NONE,171,B-I_ACTION,e11,1,lead,lead,lead,VB,POS,VB,167,NONE,lead,112,31,lead-VB,lead-VB
bbc_20130322_721,4,e1000017,NONE,184,B-OCCURRENCE,e1000017,1,execution,execution,execution,NN,POS,NN,175,NONE,execution,114,33,execution-NN,execution-NN
bbc_20130322_721,5,e12,NONE,13,B-REPORTING,e12,1,say,say,says,VBZ,POS,VB,9,PRESENT,says,117,2,says-VB,say-VB
bbc_20130322_721,5,e13,NONE,33,B-OCCURRENCE,e13,1,return,return,returned,VBD,POS,VB,25,PAST,returned,119,4,returned-VB,return-VB
bbc_20130322_721,5,e14,PERFECTIVE,89,B-OCCURRENCE,e14,1,seize,seize,seized,VBN,POS,VB,83,PRESENT,seized,129,14,seized-VB,seize-VB
bbc_20130322_721,6,e15,NONE,40,B-REPORTING,e15,1,say,say,said,VBD,POS,VB,36,PAST,said,143,7,said-VB,say-VB
bbc_20130322_721,6,e1000018,NONE,56,B-OCCURRENCE,e1000018,1,inspection,inspection,inspections,NNS,POS,NN,45,PAST,inspections,145,9,inspections-NN,inspection-NN
bbc_20130322_721,6,e16,NONE,77,B-OCCURRENCE,e16,1,link,link,linked,VBN,POS,VB,71,PAST,linked,148,12,linked-VB,link-VB
bbc_20130322_721,6,e1000019,NONE,137,B-STATE,e1000019,1,compliance,compliance,compliance,NN,POS,NN,127,PAST,compliance,160,24,compliance-NN,compliance-NN
bbc_20130322_721,7,e17,NONE,42,B-OCCURRENCE,e17,1,quote,quote,quoted,VBN,POS,VB,36,PAST,quoted,169,6,quoted-VB,quote-VB
bbc_20130322_721,7,e18,NONE,83,B-REPORTING,e18,1,say,say,said,VBD,POS,VB,79,PAST,said,177,14,said-VB,say-VB
bbc_20130322_721,7,e19,NONE,90,B-STATE,e19,1,be,be,was,VBD,POS,VB,87,PAST,was,179,16,was-VB,be-VB
bbc_20130322_721,8,e21,NONE,11,B-I_ACTION,e21,1,insist,insist,insisted,VBD,POS,VB,3,PAST,insisted,195,2,insisted-VB,insist-VB
bbc_20130322_721,8,e22,NONE,47,B-OCCURRENCE,e22,1,change,change,change,VB,NEG,VB,41,FUTURE,change,203,10,change-VB,change-VB
bbc_20130322_721,9,e23,NONE,19,B-OCCURRENCE,e23,1,refuse,refuse,refuse,VB,NEG,VB,13,FUTURE,refuse,214,5,refuse-VB,refuse-VB
bbc_20130322_721,9,e24,NONE,60,B-OCCURRENCE,e24,1,register,register,register,VB,NEG,VB,52,FUTURE,register,221,12,register-VB,register-VB
bbc_20130322_721,9,e25,NONE,96,B-REPORTING,e25,1,say,say,said,VBD,POS,VB,92,PAST,said,231,22,said-VB,say-VB
CNN_20130321_821,0,e1,NONE,23,B-OCCURRENCE,e1,1,make,make,make,VB,POS,VB,19,FUTURE,make,4,4,make-VB,make-VB
CNN_20130321_821,1,e4,PERFECTIVE,84,B-STATE,e4,1,have,have,had,VBN,POS,VB,81,PRESENT,had,48,13,had-VB,have-VB
CNN_20130321_821,2,e5,PERFECTIVE,32,B-OCCURRENCE,e5,1,use,use,used,VBN,POS,VB,28,PRESENT,used,63,6,used-VB,use-VB
CNN_20130321_821,3,e8,NONE,49,B-OCCURRENCE,e8,1,unleash,unleash,unleashed,VBN,POS,VB,40,PAST,unleashed,87,8,unleashed-VB,unleash-VB
CNN_20130321_821,4,e1000,NONE,24,B-I_ACTION,e1000,1,intend,intend,intended,VBN,POS,VB,16,PRESENT,intended,101,4,intended-VB,intend-VB
CNN_20130321_821,7,e1002,NONE,8,B-I_ACTION,e1002,1,try,try,tries,VBZ,POS,VB,3,PRESENT,tries,134,2,tries-VB,try-VB
CNN_20130321_821,7,e1003,NONE,21,B-OCCURRENCE,e1003,1,undermine,undermine,undermine,VB,POS,VB,12,INFINITIVE,undermine,136,4,undermine-VB,undermine-VB
CNN_20130321_821,8,e20,NONE,12,B-I_ACTION,e20,1,assure,assure,assure,VB,POS,VB,6,PRESENT,assure,158,3,assure-VB,assure-VB
CNN_20130322_1003,0,e1,NONE,30,B-I_ACTION,e1,1,accuse,accuse,accused,VBN,POS,VB,23,PAST,accused,7,7,accused-VB,accuse-VB
CNN_20130322_1003,0,e2,NONE,40,B-OCCURRENCE,e2,1,fake,fake,faking,VBG,POS,VB,34,PRESPART,faking,9,9,faking-VB,fake-VB
CNN_20130322_1003,0,e2012,NONE,50,B-OCCURRENCE,e2012,1,death,death,death,NN,POS,NN,45,NONE,death,11,11,death-NN,death-NN
CNN_20130322_1003,0,e3,NONE,70,B-I_ACTION,e3,1,plead,plead,pleaded,VBD,POS,VB,63,PAST,pleaded,14,14,pleaded-VB,plead-VB
CNN_20130322_1003,0,e5,NONE,167,B-REPORTING,e5,1,announce,announce,announced,VBD,POS,VB,158,PAST,announced,28,28,announced-VB,announce-VB
CNN_20130322_1003,1,e6,NONE,65,B-REPORTING,e6,1,report,report,reported,VBN,POS,VB,57,PAST,reported,43,14,reported-VB,report-VB
CNN_20130322_1003,1,e7,NONE,73,B-OCCURRENCE,e7,1,miss,miss,missing,VBG,POS,VB,66,PRESPART,missing,44,15,missing-VB,miss-VB
CNN_20130322_1003,2,e8,NONE,37,B-OCCURRENCE,e8,1,search,search,search,NN,POS,NN,31,PRESENT,search,67,6,search-NN,search-NN
CNN_20130322_1003,2,e9,NONE,99,B-REPORTING,e9,1,say,say,said,VBD,POS,VB,95,PAST,said,77,16,said-VB,say-VB
CNN_20130322_1003,2,e10,NONE,121,B-OCCURRENCE,e10,1,learn,learn,learned,VBD,POS,VB,114,PAST,learned,80,19,learned-VB,learn-VB
CNN_20130322_1003,2,e11,PERFECTIVE,186,B-OCCURRENCE,e11,1,pull,pull,pulled,VBN,POS,VB,180,PAST,pulled,93,32,pulled-VB,pull-VB
CNN_20130322_1003,2,e1000,PROGRESSIVE,204,B-OCCURRENCE,e1000,1,speeding,speeding,speeding,NN,POS,NN,196,PAST,speeding,96,35,speeding-NN,speeding-NN
CNN_20130322_1003,3,e12,NONE,38,B-OCCURRENCE,e12,1,pull,pull,pulled,VBN,POS,VB,32,PAST,pulled,104,7,pulled-VB,pull-VB
CNN_20130322_1003,3,e13,NONE,71,B-OCCURRENCE,e13,1,show,show,showed,VBD,POS,VB,65,PAST,showed,112,15,showed-VB,show-VB
CNN_20130322_1003,3,e14,PERFECTIVE,110,B-OCCURRENCE,e14,1,discover,discover,discovered,VBN,POS,VB,100,PAST,discovered,117,20,discovered-VB,discover-VB
CNN_20130322_1003,3,e15,NONE,124,B-OCCURRENCE,e15,1,appear,appear,appeared,VBD,POS,VB,116,PAST,appeared,119,22,appeared-VB,appear-VB
CNN_20130322_1003,3,e2001,NONE,173,B-OCCURRENCE,e2001,1,fake,fake,fake,JJ,POS,JJ,169,NONE,fake,130,33,fake-JJ,fake-JJ
CNN_20130322_1003,3,e16,NONE,183,B-OCCURRENCE,e16,1,death,death,death,NN,POS,NN,178,PAST,death,132,35,death-NN,death-NN
CNN_20130322_1003,4,e17,NONE,19,B-I_STATE,e17,1,want,want,wanted,VBD,POS,VB,13,PAST,wanted,136,3,wanted-VB,want-VB
CNN_20130322_1003,4,e18,NONE,47,B-OCCURRENCE,e18,1,collect,collect,collect,VB,POS,VB,40,INFINITIVE,collect,142,9,collect-VB,collect-VB
CNN_20130322_1003,4,e19,NONE,110,B-ASPECTUAL,e19,1,start,start,started,VBD,POS,VB,103,PAST,started,153,20,started-VB,start-VB
CNN_20130322_1003,4,e20,NONE,144,B-REPORTING,e20,1,say,say,said,VBD,POS,VB,140,PAST,said,161,28,said-VB,say-VB
CNN_20130322_1003,5,e21,NONE,21,B-OCCURRENCE,e21,1,arrest,arrest,arrested,VBD,POS,VB,13,PAST,arrested,165,3,arrested-VB,arrest-VB
CNN_20130322_1003,6,e23,NONE,31,B-I_ACTION,e23,1,agree,agree,agreed,VBD,POS,VB,25,PAST,agreed,188,5,agreed-VB,agree-VB
CNN_20130322_1003,6,e24,NONE,40,B-I_ACTION,e24,1,plead,plead,plead,VB,POS,VB,35,INFINITIVE,plead,190,7,plead-VB,plead-VB
CNN_20130322_1003,6,e25,NONE,72,B-OCCURRENCE,e25,1,charge,charge,charge,NN,POS,NN,66,PAST,charge,195,12,charge-NN,charge-NN
CNN_20130322_1003,6,e26,NONE,99,B-OCCURRENCE,e26,1,sentence,sentence,sentence,NN,POS,NN,91,PAST,sentence,200,17,sentence-NN,sentence-NN
CNN_20130322_1003,6,e27,NONE,184,B-REPORTING,e27,1,say,say,said,VBD,POS,VB,180,PAST,said,217,34,said-VB,say-VB
CNN_20130322_1003,7,e28,NONE,16,B-OCCURRENCE,e28,1,pay,pay,pay,VB,POS,VB,13,PRESENT,pay,222,4,pay-VB,pay-VB
CNN_20130322_1003,7,e29,NONE,55,B-OCCURRENCE,e29,1,search,search,search,NN,POS,NN,49,PRESENT,search,229,11,search-NN,search-NN
CNN_20130322_1003,8,e30,NONE,15,B-REPORTING,e30,1,tell,tell,told,VBD,POS,VB,11,PAST,told,250,3,told-VB,tell-VB
CNN_20130322_1003,8,e31,NONE,41,B-I_STATE,e31,1,think,think,thought,VBD,POS,VB,34,PAST,thought,255,8,thought-VB,think-VB
CNN_20130322_1003,8,e32,NONE,61,B-OCCURRENCE,e32,1,devise,devise,devised,VBD,POS,VB,54,PAST,devised,258,11,devised-VB,devise-VB
CNN_20130322_1003,8,e33,NONE,89,B-OCCURRENCE,e33,1,fire,fire,fired,VBN,POS,VB,84,PAST,fired,264,17,fired-VB,fire-VB
CNN_20130322_1003,9,e34,NONE,34,B-REPORTING,e34,1,say,say,said,VBD,POS,VB,30,PAST,said,277,7,said-VB,say-VB
CNN_20130322_1003,9,e2003,PERFECTIVE,55,B-STATE,e2003,1,unaware,unaware,unaware,JJ,POS,JJ,48,PAST,unaware,281,11,unaware-JJ,unaware-JJ
CNN_20130322_1003,9,e35,NONE,67,B-OCCURRENCE,e35,1,ruse,ruse,ruse,NN,POS,NN,63,PAST,ruse,284,14,ruse-NN,ruse-NN
CNN_20130322_1003,9,e36,NONE,88,B-OCCURRENCE,e36,1,uncover,uncover,uncovered,VBD,POS,VB,79,PAST,uncovered,287,17,uncovered-VB,uncover-VB
CNN_20130322_1003,9,e1001,NONE,114,B-OCCURRENCE,e1001,1,correspondence,correspondence,correspondence,NN,POS,NN,100,PAST,correspondence,290,20,correspondence-NN,correspondence-NN
CNN_20130322_1003,10,e37,NONE,41,B-OCCURRENCE,e37,1,find,find,find,VB,POS,VB,37,INFINITIVE,find,302,11,find-VB,find-VB
CNN_20130322_1003,10,e38,PROGRESSIVE,66,B-ASPECTUAL,e38,1,go,go,going,VBG,POS,VB,61,PRESENT,going,307,16,going-VB,go-VB
CNN_20130322_1003,11,e39,NONE,4,B-OCCURRENCE,e39,1,call,call,call,VB,POS,VB,0,PRESENT,Call,309,1,call-VB,call-VB
CNN_20130322_1003,11,e40,NONE,66,B-REPORTING,e40,1,write,write,wrote,VBD,POS,VB,61,PAST,wrote,323,15,wrote-VB,write-VB
CNN_20130322_1003,11,e41,NONE,122,B-REPORTING,e41,1,report,report,reported,VBD,POS,VB,114,PAST,reported,335,27,reported-VB,report-VB
CNN_20130322_1003,11,e42,NONE,134,B-STATE,e42,1,miss,miss,missing,VBG,POS,VB,127,PRESPART,missing,337,29,missing-VB,miss-VB
CNN_20130322_1003,12,e43,PROGRESSIVE,32,B-STATE,e43,1,pend,pend,pending,VBG,POS,VB,25,PRESENT,pending,345,7,pending-VB,pend-VB
CNN_20130322_1003,12,e44,NONE,61,B-REPORTING,e44,1,say,say,said,VBD,POS,VB,57,PAST,said,350,12,said-VB,say-VB
CNN_20130322_1003,13,e45,NONE,51,B-REPORTING,e45,1,defend,defend,defended,VBD,POS,VB,43,PAST,defended,360,9,defended-VB,defend-VB
CNN_20130322_1003,13,e46,NONE,79,B-OCCURRENCE,e46,1,arrest,arrest,arrest,NN,POS,NN,73,PAST,arrest,365,14,arrest-NN,arrest-NN
CNN_20130322_1003,13,e47,PROGRESSIVE,88,B-REPORTING,e47,1,say,say,saying,VBG,POS,VB,82,PRESENT,saying,367,16,saying-VB,say-VB
CNN_20130322_1003,13,e2005,NONE,109,B-OCCURRENCE,e2005,1,abuse,abuse,abuse,NN,POS,NN,104,PAST,abuse,372,21,abuse-NN,abuse-NN
CNN_20130322_1003,13,e2006,NONE,129,B-OCCURRENCE,e2006,1,manipulation,manipulation,manipulation,NN,POS,NN,117,PAST,manipulation,375,24,manipulation-NN,manipulation-NN
CNN_20130322_1003,13,e2007,NONE,145,B-OCCURRENCE,e2007,1,coercion,coercion,coercion,NN,POS,NN,137,PAST,coercion,378,27,coercion-NN,coercion-NN
CNN_20130322_1003,14,e48,NONE,47,B-OCCURRENCE,e48,1,deny,deny,denied,VBD,POS,VB,41,PAST,denied,393,9,denied-VB,deny-VB
CNN_20130322_1003,14,e49,PERFECTIVE,80,B-OCCURRENCE,e49,1,involve,involve,involved,VBN,POS,VB,72,PAST,involved,399,15,involved-VB,involve-VB
CNN_20130322_1003,15,e2008,NONE,16,B-STATE,e2008,1,issue,issue,issues,NNS,POS,NN,10,PAST,issues,409,4,issues-NN,issue-NN
CNN_20130322_1003,15,e2009,NONE,90,B-OCCURRENCE,e2009,1,agreement,agreement,agreement,NN,POS,NN,81,NONE,agreement,421,16,agreement-NN,agreement-NN
CNN_20130322_1003,15,e50,NONE,119,B-REPORTING,e50,1,tell,tell,told,VBD,POS,VB,115,PAST,told,428,23,told-VB,tell-VB
CNN_20130322_1003,16,e51,PERFECTIVE,17,B-OCCURRENCE,e51,1,admit,admit,admitted,VBN,POS,VB,9,PRESENT,admitted,436,4,admitted-VB,admit-VB
CNN_20130322_1003,17,e52,PERFECTIVE,14,B-OCCURRENCE,e52,1,accept,accept,accepted,VBN,POS,VB,6,PRESENT,accepted,442,3,accepted-VB,accept-VB
CNN_20130322_1003,18,e53,NONE,11,B-OCCURRENCE,e53,1,add,add,added,VBD,POS,VB,6,PAST,added,447,2,added-VB,add-VB
CNN_20130322_1003,18,e2010,PROGRESSIVE,52,B-STATE,e2010,1,treatment,treatment,treatment,NN,POS,NN,43,PAST,treatment,454,9,treatment-NN,treatment-NN
CNN_20130322_1003,19,e54,NONE,24,B-OCCURRENCE,e54,1,negotiation,negotiation,negotiations,NNS,POS,NN,12,PAST,negotiations,464,3,negotiations-NN,negotiation-NN
CNN_20130322_1003,19,e55,NONE,45,B-I_ACTION,e55,1,ask,ask,asked,VBD,POS,VB,40,PAST,asked,468,7,asked-VB,ask-VB
CNN_20130322_1003,19,e56,NONE,89,B-OCCURRENCE,e56,1,give,give,give,VB,NEG,VB,85,INFINITIVE,give,476,15,give-VB,give-VB
CNN_20130322_1003,19,e57,NONE,120,B-REPORTING,e57,1,say,say,said,VBD,POS,VB,116,PAST,said,483,22,said-VB,say-VB
CNN_20130322_1003,20,e2011,NONE,79,B-STATE,e2011,1,contact,contact,contact,NN,NEG,NN,72,NONE,contact,500,16,contact-NN,contact-NN
CNN_20130322_1003,20,e58,NONE,99,B-OCCURRENCE,e58,1,arrest,arrest,arrests,NNS,POS,NN,92,PRESENT,arrests,503,19,arrests-NN,arrest-NN
CNN_20130322_1003,20,e59,NONE,112,B-REPORTING,e59,1,say,say,said,VBD,POS,VB,108,PAST,said,506,22,said-VB,say-VB
CNN_20130322_1003,21,e60,NONE,16,B-I_STATE,e60,1,like,like,like,VB,POS,VB,12,NONE,like,511,4,like-VB,like-VB
CNN_20130322_1003,21,e61,NONE,30,B-OCCURRENCE,e61,1,straighten,straighten,straighten,VB,POS,VB,20,INFINITIVE,straighten,513,6,straighten-VB,straighten-VB
CNN_20130322_1003,21,e62,NONE,87,B-OCCURRENCE,e62,1,come,come,comes,VBZ,POS,VB,82,PRESENT,comes,523,16,comes-VB,come-VB
CNN_20130322_1003,21,e63,NONE,100,B-REPORTING,e63,1,say,say,said,VBD,POS,VB,96,PAST,said,527,20,said-VB,say-VB
CNN_20130322_1243,0,e1,NONE,18,B-OCCURRENCE,e1,1,arrival,arrival,arrival,NN,POS,NN,11,PAST,arrival,3,3,arrival-NN,arrival-NN
CNN_20130322_1243,0,e3,NONE,50,B-OCCURRENCE,e3,1,launch,launch,launched,VBD,POS,VB,42,PAST,launched,9,9,launched-VB,launch-VB
CNN_20130322_1243,1,e5,NONE,60,B-STATE,e5,1,have,have,has,VBZ,POS,VB,57,PRESENT,has,33,12,has-VB,have-VB
CNN_20130322_1243,1,e6,NONE,114,B-STATE,e6,1,power,power,powered,VBN,POS,VB,107,FUTURE,powered,42,21,powered-VB,power-VB
CNN_20130322_1243,2,e7,PROGRESSIVE,19,B-OCCURRENCE,e7,1,settle,settle,settling,VBG,POS,VB,11,PRESENT,settling,48,3,settling-VB,settle-VB
CNN_20130322_1243,2,e8,NONE,48,B-OCCURRENCE,e8,1,fill,fill,fill,VB,POS,VB,44,INFINITIVE,fill,55,10,fill-VB,fill-VB
CNN_20130322_1243,2,e9,NONE,81,B-OCCURRENCE,e9,1,take,take,took,VBD,POS,VB,77,PAST,took,62,17,took-VB,take-VB
CNN_20130322_1243,12,e30,NONE,38,B-OCCURRENCE,e30,1,conquer,conquer,conquer,VB,NEG,VB,31,FUTURE,conquer,290,9,conquer-VB,conquer-VB
CNN_20130322_1243,16,e35,NONE,32,B-I_STATE,e35,1,expect,expect,expect,VBP,POS,VB,26,PRESENT,expect,359,6,expect-VB,expect-VB
CNN_20130322_1243,16,e45,NONE,53,B-OCCURRENCE,e45,1,flesh,flesh,flesh,NN,POS,NN,48,INFINITIVE,flesh,363,10,flesh-NN,flesh-NN
CNN_20130322_1243,16,e36,NONE,88,B-OCCURRENCE,e36,1,turn,turn,turn,VB,POS,VB,84,INFINITIVE,turn,370,17,turn-VB,turn-VB
CNN_20130322_1243,17,e37,NONE,21,B-OCCURRENCE,e37,1,foresee,foresee,foresee,VB,POS,VB,14,INFINITIVE,foresee,383,5,foresee-VB,foresee-VB
CNN_20130322_1243,17,e38,NONE,65,B-OCCURRENCE,e38,1,send,send,send,VB,POS,VB,61,INFINITIVE,send,393,15,send-VB,send-VB
CNN_20130322_1243,18,e46,PROGRESSIVE,34,B-OCCURRENCE,e46,1,incorporate,incorporate,incorporating,VBG,POS,VB,21,PRESENT,incorporating,409,5,incorporating-VB,incorporate-VB
CNN_20130322_1243,18,e40,NONE,148,B-OCCURRENCE,e40,1,turn,turn,turn,VB,POS,VB,144,FUTURE,turn,430,26,turn-VB,turn-VB
CNN_20130322_1243,19,e41,NONE,17,B-OCCURRENCE,e41,1,scare,scare,scare,VB,POS,VB,12,FUTURE,scare,438,3,scare-VB,scare-VB
CNN_20130322_1243,20,e49,NONE,27,B-OCCURRENCE,e49,1,reinvention,reinvention,reinvention,NN,NEG,NN,16,NONE,reinvention,445,5,reinvention-NN,reinvention-NN
CNN_20130322_1243,20,e50,NONE,116,B-STATE,e50,1,available,available,available,JJ,POS,JJ,107,PRESENT,available,461,21,available-JJ,available-JJ
CNN_20130322_1243,22,e42,PROGRESSIVE,10,B-OCCURRENCE,e42,1,fill,fill,filling,VBG,POS,VB,3,PRESENT,filling,473,2,filling-VB,fill-VB
CNN_20130322_1243,22,e43,NONE,77,B-OCCURRENCE,e43,1,give,give,gives,VBZ,POS,VB,72,PRESENT,gives,486,15,gives-VB,give-VB
CNN_20130322_248,0,e1,NONE,27,B-REPORTING,e1,1,announce,announce,announced,VBD,POS,VB,18,PAST,announced,5,5,announced-VB,announce-VB
CNN_20130322_248,0,e2,NONE,41,B-OCCURRENCE,e2,1,close,close,close,VB,POS,VB,36,FUTURE,close,8,8,close-VB,close-VB
CNN_20130322_248,0,e102,NONE,109,B-OCCURRENCE,e102,1,cut,cut,cuts,NNS,POS,NN,105,PAST,cuts,18,18,cuts-NN,cut-NN
CNN_20130322_248,0,e3,PROGRESSIVE,120,B-OCCURRENCE,e3,1,spare,spare,sparing,VBG,POS,VB,113,PRESENT,sparing,20,20,sparing-VB,spare-VB
CNN_20130322_248,0,e4,PERFECTIVE,161,B-I_STATE,e4,1,expect,expect,expected,VBN,POS,VB,153,PAST,expected,28,28,expected-VB,expect-VB
CNN_20130322_248,0,e45,NONE,172,B-OCCURRENCE,e45,1,shutter,shutter,shutter,VB,POS,VB,165,INFINITIVE,shutter,30,30,shutter-VB,shutter-VB
CNN_20130322_248,1,e5,NONE,28,B-OCCURRENCE,e5,1,closure,closure,closure,NN,POS,NN,21,NONE,closure,36,5,closure-NN,closure-NN
CNN_20130322_248,1,e6,NONE,65,B-ASPECTUAL,e6,1,begin,begin,begin,VB,POS,VB,60,FUTURE,begin,43,12,begin-VB,begin-VB
CNN_20130322_248,1,e7,NONE,91,B-REPORTING,e7,1,say,say,said,VBD,POS,VB,87,PAST,said,50,19,said-VB,say-VB
CNN_20130322_248,2,e8,PERFECTIVE,25,B-I_STATE,e8,1,expect,expect,expected,VBN,POS,VB,17,PAST,expected,56,5,expected-VB,expect-VB
CNN_20130322_248,2,e9,NONE,37,B-REPORTING,e9,1,announce,announce,announce,VB,POS,VB,29,INFINITIVE,announce,58,7,announce-VB,announce-VB
CNN_20130322_248,2,e10,NONE,49,B-OCCURRENCE,e10,1,closure,closure,closure,NN,POS,NN,42,NONE,closure,60,9,closure-NN,closure-NN
CNN_20130322_248,2,e100,NONE,96,B-STATE,e100,1,staff,staff,staffed,VBN,POS,VB,89,PAST,staffed,68,17,staffed-VB,staff-VB
CNN_20130322_248,3,e11,NONE,29,B-OCCURRENCE,e11,1,announcement,announcement,announcement,NN,POS,NN,17,NONE,announcement,75,4,announcement-NN,announcement-NN
CNN_20130322_248,3,e12,NONE,39,B-REPORTING,e12,1,say,say,said,VBD,POS,VB,35,PAST,said,78,7,said-VB,say-VB
CNN_20130322_248,3,e13,NONE,57,B-I_STATE,e13,1,consider,consider,consider,VB,POS,VB,49,NONE,consider,81,10,consider-VB,consider-VB
CNN_20130322_248,3,e14,NONE,65,B-ASPECTUAL,e14,1,keep,keep,keeping,VBG,POS,VB,58,PRESPART,keeping,82,11,keeping-VB,keep-VB
CNN_20130322_248,3,e15,NONE,103,B-I_ACTION,e15,1,convince,convince,convinces,VBZ,POS,VB,94,PRESENT,convinces,89,18,convinces-VB,convince-VB
CNN_20130322_248,4,e16,NONE,43,B-OCCURRENCE,e16,1,cut,cut,cut,VB,POS,VB,40,PRESENT,cut,111,8,cut-VB,cut-VB
CNN_20130322_248,5,e17,NONE,98,B-OCCURRENCE,e17,1,cut,cut,cut,VB,POS,VB,95,INFINITIVE,cut,143,17,cut-VB,cut-VB
CNN_20130322_248,5,e175,NONE,127,B-OCCURRENCE,e175,1,affect,affect,affecting,VBG,POS,VB,118,PRESPART,affecting,147,21,affecting-VB,affect-VB
CNN_20130322_248,5,e18,NONE,157,B-REPORTING,e18,1,say,say,says,VBZ,POS,VB,153,PRESENT,says,152,26,says-VB,say-VB
CNN_20130322_314,0,e1,NONE,30,B-OCCURRENCE,e1,1,arrive,arrive,arrived,VBD,POS,VB,23,PAST,arrived,4,4,arrived-VB,arrive-VB
CNN_20130322_314,0,e2,PROGRESSIVE,80,B-OCCURRENCE,e2,1,score,score,scoring,VBG,POS,VB,73,PRESENT,scoring,11,11,scoring-VB,score-VB
CNN_20130322_314,0,e3,PROGRESSIVE,98,B-OCCURRENCE,e3,1,coup,coup,coup,NN,POS,NN,94,PRESENT,coup,14,14,coup-NN,coup-NN
CNN_20130322_314,0,e4,PROGRESSIVE,118,B-OCCURRENCE,e4,1,leave,leave,leaving,VBG,POS,VB,111,PRESENT,leaving,17,17,leaving-VB,leave-VB
CNN_20130322_314,0,e5,NONE,175,B-OCCURRENCE,e5,1,apologize,apologize,apologized,VBD,POS,VB,165,PAST,apologized,24,24,apologized-VB,apologize-VB
CNN_20130322_314,0,e6,NONE,210,B-OCCURRENCE,e6,1,raid,raid,raid,NN,POS,NN,206,PAST,raid,31,31,raid-NN,raid-NN
CNN_20130322_314,0,e7,NONE,222,B-OCCURRENCE,e7,1,kill,kill,killed,VBD,POS,VB,216,PAST,killed,33,33,killed-VB,kill-VB
CNN_20130322_314,1,e8,NONE,25,B-OCCURRENCE,e8,1,seek,seek,sought,VBN,POS,VB,19,PAST,sought,49,5,sought-VB,seek-VB
CNN_20130322_314,1,e9,NONE,73,B-OCCURRENCE,e9,1,ease,ease,eased,VBD,POS,VB,68,PAST,eased,57,13,eased-VB,ease-VB
CNN_20130322_314,2,e10,NONE,11,B-OCCURRENCE,e10,1,happen,happen,happened,VBD,POS,VB,3,PAST,happened,75,2,happened-VB,happen-VB
CNN_20130322_314,2,e29,NONE,27,B-OCCURRENCE,e29,1,call,call,call,NN,POS,NN,23,PAST,call,79,6,call-NN,call-NN
CNN_20130322_314,2,e11,NONE,61,B-OCCURRENCE,e11,1,meeting,meeting,meeting,NN,POS,NN,54,PAST,meeting,85,12,meeting-NN,meeting-NN
CNN_20130322_314,2,e12,NONE,175,B-OCCURRENCE,e12,1,depart,depart,departed,VBD,POS,VB,167,PAST,departed,103,30,departed-VB,depart-VB
CNN_20130322_314,2,e13,NONE,198,B-ASPECTUAL,e13,1,complete,complete,complete,VB,POS,VB,190,INFINITIVE,complete,107,34,complete-VB,complete-VB
CNN_20130322_314,2,e30,NONE,233,B-OCCURRENCE,e30,1,swing,swing,swing,NN,POS,NN,228,NONE,swing,113,40,swing-NN,swing-NN
CNN_20130322_314,3,e14,NONE,28,B-OCCURRENCE,e14,1,trip,trip,trip,NN,POS,NN,24,PRESENT,trip,120,6,trip-NN,trip-NN
CNN_20130322_314,4,e15,NONE,41,B-REPORTING,e15,1,say,say,said,VBD,POS,VB,37,PAST,said,132,7,said-VB,say-VB
CNN_20130322_314,4,e16,NONE,62,B-OCCURRENCE,e16,1,include,include,included,VBD,POS,VB,54,PAST,included,135,10,included-VB,include-VB
CNN_20130322_314,4,e17,NONE,71,B-OCCURRENCE,e17,1,offer,offer,offer,NN,POS,NN,66,PAST,offer,137,12,offer-NN,offer-NN
CNN_20130322_314,5,e31,NONE,29,B-STATE,e31,1,confusion,confusion,confusion,NN,POS,NN,20,PAST,confusion,145,5,confusion-NN,confusion-NN
CNN_20130322_314,5,e18,NONE,71,B-OCCURRENCE,e18,1,drop,drop,dropped,VBD,POS,VB,64,PAST,dropped,151,11,dropped-VB,drop-VB
CNN_20130322_314,5,e100,NONE,109,B-OCCURRENCE,e100,1,statement,statement,statement,NN,POS,NN,100,PAST,statement,157,17,statement-NN,statement-NN
CNN_20130322_314,5,e32,NONE,169,B-OCCURRENCE,e32,1,return,return,return,NN,POS,NN,163,NONE,return,166,26,return-NN,return-NN
CNN_20130322_314,6,e19,NONE,69,B-ASPECTUAL,e19,1,resume,resume,resume,VB,POS,VB,63,FUTURE,resume,181,12,resume-VB,resume-VB
CNN_20130322_314,6,e20,NONE,98,B-OCCURRENCE,e20,1,exercise,exercise,exercises,NNS,POS,NN,89,PAST,exercises,185,16,exercises-NN,exercise-NN
CNN_20130322_314,6,e21,NONE,118,B-ASPECTUAL,e21,1,suspend,suspend,suspended,VBN,POS,VB,109,PAST,suspended,188,19,suspended-VB,suspend-VB
CNN_20130322_314,6,e22,NONE,142,B-OCCURRENCE,e22,1,raid,raid,raid,NN,POS,NN,138,PAST,raid,192,23,raid-NN,raid-NN
CNN_20130322_314,7,e23,PROGRESSIVE,27,B-OCCURRENCE,e23,1,prosecute,prosecute,prosecuting,VBG,POS,VB,16,PAST,prosecuting,197,4,prosecuting-VB,prosecute-VB
CNN_20130322_314,7,e24,NONE,87,B-REPORTING,e24,1,say,say,said,VBD,POS,VB,83,PAST,said,206,13,said-VB,say-VB
CNN_20130322_314,7,e25,NONE,110,B-I_ACTION,e25,1,agree,agree,agreed,VBD,POS,VB,104,PAST,agreed,210,17,agreed-VB,agree-VB
CNN_20130322_314,7,e26,NONE,130,B-OCCURRENCE,e26,1,cancellation,cancellation,cancellation,NN,POS,NN,118,PAST,cancellation,213,20,cancellation-NN,cancellation-NN
CNN_20130322_314,8,e27,NONE,47,B-OCCURRENCE,e27,1,omit,omit,omitted,VBN,POS,VB,40,PAST,omitted,228,8,omitted-VB,omit-VB
CNN_20130322_314,8,e28,NONE,59,B-OCCURRENCE,e28,1,action,action,action,NN,POS,NN,53,PAST,action,230,10,action-NN,action-NN
nyt_20130321_china_pollution,0,e43,NONE,36,B-OCCURRENCE,e43,1,transition,transition,transition,NN,POS,NN,26,NONE,transition,5,5,transition-NN,transition-NN
nyt_20130321_china_pollution,0,e1,PERFECTIVE,46,B-OCCURRENCE,e1,1,take,take,taken,VBN,POS,VB,41,PRESENT,taken,7,7,taken-VB,take-VB
nyt_20130321_china_pollution,1,e2,PERFECTIVE,42,B-OCCURRENCE,e2,1,find,find,found,VBN,POS,VB,37,PAST,found,23,8,found-VB,find-VB
nyt_20130321_china_pollution,1,e3,PROGRESSIVE,51,B-STATE,e3,1,float,float,floating,VBG,POS,VB,43,PRESENT,floating,24,9,floating-VB,float-VB
nyt_20130321_china_pollution,2,e4,NONE,37,B-OCCURRENCE,e4,1,cloak,cloak,cloaked,VBN,POS,VB,30,PAST,cloaked,40,7,cloaked-VB,cloak-VB
nyt_20130321_china_pollution,2,e5,PROGRESSIVE,59,B-OCCURRENCE,e5,1,cause,cause,causing,VBG,POS,VB,52,PAST,causing,44,11,causing-VB,cause-VB
nyt_20130321_china_pollution,2,e6,PROGRESSIVE,79,B-STATE,e6,1,cough,cough,coughing,VBG,POS,VB,71,PRESENT,coughing,46,13,coughing-VB,cough-VB
nyt_20130321_china_pollution,2,e7,PROGRESSIVE,93,B-OCCURRENCE,e7,1,obscure,obscure,obscuring,VBG,POS,VB,84,PRESENT,obscuring,48,15,obscuring-VB,obscure-VB
nyt_20130321_china_pollution,3,e8,PERFECTIVE,119,B-OCCURRENCE,e8,1,force,force,forced,VBN,POS,VB,113,PRESENT,forced,81,20,forced-VB,force-VB
nyt_20130321_china_pollution,3,e9,NONE,141,B-REPORTING,e9,1,acknowledge,acknowledge,acknowledge,VB,POS,VB,130,INFINITIVE,acknowledge,84,23,acknowledge-VB,acknowledge-VB
nyt_20130321_china_pollution,4,e10,NONE,68,B-REPORTING,e10,1,say,say,said,VBD,POS,VB,64,PAST,said,99,13,said-VB,say-VB
nyt_20130321_china_pollution,4,e11,PERFECTIVE,80,B-OCCURRENCE,e11,1,check,check,checked,VBD,POS,VB,73,PAST,checked,101,15,checked-VB,check-VB
nyt_20130321_china_pollution,4,e13,NONE,139,B-OCCURRENCE,e13,1,keep,keep,kept,VBD,POS,VB,135,PASTPART,kept,111,25,kept-VB,keep-VB
nyt_20130321_china_pollution,5,e14,NONE,42,B-REPORTING,e14,1,say,say,said,VBD,POS,VB,38,PAST,said,130,9,said-VB,say-VB
nyt_20130321_china_pollution,5,e15,PERFECTIVE,69,B-OCCURRENCE,e15,1,make,make,made,VBN,POS,VB,65,PAST,made,135,14,made-VB,make-VB
nyt_20130321_china_pollution,5,e44,NONE,88,B-STATE,e44,1,upset,upset,upset,JJ,POS,JJ,83,PAST,upset,139,18,upset-JJ,upset-JJ
nyt_20130321_china_pollution,5,e16,NONE,101,B-I_ACTION,e16,1,vow,vow,vowed,VBD,POS,VB,96,PAST,vowed,142,21,vowed-VB,vow-VB
nyt_20130321_china_pollution,5,e17,NONE,112,B-OCCURRENCE,e17,1,show,show,show,VBP,POS,VB,108,INFINITIVE,show,145,24,show-VB,show-VB
nyt_20130321_china_pollution,5,e19,NONE,164,B-OCCURRENCE,e19,1,effort,effort,efforts,NNS,POS,NN,157,NONE,efforts,153,32,efforts-NN,effort-NN
nyt_20130321_china_pollution,5,e20,NONE,176,B-OCCURRENCE,e20,1,clean,clean,clean,VB,POS,VB,171,INFINITIVE,clean,156,35,clean-VB,clean-VB
nyt_20130321_china_pollution,6,e21,NONE,43,B-OCCURRENCE,e21,1,hit,hit,hit,NN,POS,NN,40,PAST,hit,167,8,hit-NN,hit-NN
nyt_20130321_china_pollution,6,e22,NONE,91,B-OCCURRENCE,e22,1,lead,lead,led,VBD,POS,VB,88,PAST,led,175,16,led-VB,lead-VB
nyt_20130321_china_pollution,6,e23,NONE,136,B-OCCURRENCE,e23,1,put,put,put,VBD,POS,VB,133,PAST,put,184,25,put-VB,put-VB
nyt_20130321_china_pollution,7,e24,NONE,64,B-I_STATE,e24,1,comply,comply,comply,VB,POS,VB,58,FUTURE,comply,209,11,comply-VB,comply-VB
nyt_20130321_china_pollution,7,e25,NONE,106,B-I_ACTION,e25,1,resist,resist,resisted,VBD,POS,VB,98,PAST,resisted,215,17,resisted-VB,resist-VB
nyt_20130321_china_pollution,8,e46,PERFECTIVE,57,B-STATE,e46,1,resistant,resistant,resistant,JJ,POS,JJ,48,PRESENT,resistant,233,7,resistant-JJ,resistant-JJ
nyt_20130321_china_pollution,9,e26,NONE,59,B-OCCURRENCE,e26,1,upgrade,upgrade,upgrade,VB,POS,VB,52,INFINITIVE,upgrade,242,8,upgrade-VB,upgrade-VB
nyt_20130321_china_pollution,9,e27,NONE,103,B-REPORTING,e27,1,accord,accord,according,VBG,POS,VB,94,PRESPART,according,247,13,according-VB,accord-VB
nyt_20130321_china_pollution,10,e28,NONE,57,B-OCCURRENCE,e28,1,exert,exert,exert,VBP,POS,VB,52,PRESENT,exert,262,11,exert-VB,exert-VB
nyt_20130321_china_pollution,11,e29,NONE,39,B-OCCURRENCE,e29,1,discussion,discussion,discussions,NNS,POS,NN,28,PAST,discussions,278,8,discussions-NN,discussion-NN
nyt_20130321_china_pollution,11,e30,NONE,147,B-OCCURRENCE,e30,1,push,push,pushed,VBD,POS,VB,141,PAST,pushed,294,24,pushed-VB,push-VB
nyt_20130321_china_pollution,11,e31,NONE,188,B-REPORTING,e31,1,say,say,saying,VBG,POS,VB,182,PRESPART,saying,301,31,saying-VB,say-VB
nyt_20130321_china_pollution,11,e32,PROGRESSIVE,216,B-OCCURRENCE,e32,1,upgrade,upgrade,upgrading,VBG,POS,VB,207,PRESENT,upgrading,306,36,upgrading-VB,upgrade-VB
nyt_20130321_china_pollution,12,e33,NONE,35,B-OCCURRENCE,e33,1,release,release,released,VBD,POS,VB,27,PAST,released,320,7,released-VB,release-VB
nyt_20130321_china_pollution,12,e34,NONE,61,B-REPORTING,e34,1,say,say,saying,VBG,POS,VB,55,PRESPART,saying,325,12,saying-VB,say-VB
nyt_20130321_china_pollution,12,e35,NONE,114,B-OCCURRENCE,e35,1,result,result,result,VB,POS,VB,108,FUTURE,result,333,20,result-VB,result-VB
nyt_20130321_china_pollution,12,e36,NONE,135,B-OCCURRENCE,e36,1,surge,surge,surge,NN,POS,NN,130,FUTURE,surge,337,24,surge-NN,surge-NN
nyt_20130321_china_pollution,12,e47,NONE,155,B-OCCURRENCE,e47,1,consumption,consumption,consumption,NN,POS,NN,144,NONE,consumption,340,27,consumption-NN,consumption-NN
nyt_20130321_china_pollution,12,e48,NONE,176,B-OCCURRENCE,e48,1,sale,sale,sales,NNS,POS,NN,171,NONE,sales,343,30,sales-NN,sale-NN
nyt_20130321_china_pollution,13,e37,NONE,37,B-ASPECTUAL,e37,1,become,become,become,VB,POS,VB,31,FUTURE,become,355,7,become-VB,become-VB
nyt_20130321_china_pollution,13,e38,NONE,106,B-REPORTING,e38,1,say,say,said,VBD,POS,VB,102,PAST,said,368,20,said-VB,say-VB
nyt_20130321_china_pollution,13,e39,NONE,116,B-I_ACTION,e39,1,call,call,calling,VBG,POS,VB,109,PRESPART,calling,370,22,calling-VB,call-VB
nyt_20130321_china_pollution,13,e49,NONE,143,B-OCCURRENCE,e49,1,change,change,changes,NNS,POS,NN,136,NONE,changes,374,26,changes-NN,change-NN
nyt_20130321_china_pollution,13,e40,NONE,187,B-I_ACTION,e40,1,overcome,overcome,overcome,VB,POS,VB,179,INFINITIVE,overcome,382,34,overcome-VB,overcome-VB
nyt_20130321_china_pollution,14,e41,NONE,20,B-REPORTING,e41,1,estimate,estimate,estimated,VBD,POS,VB,11,PAST,estimated,392,3,estimated-VB,estimate-VB
nyt_20130321_china_pollution,14,e42,NONE,95,B-STATE,e42,1,400 million,400 million,400 million,CD CD,POS,CD CD,84,FUTURE,400 million,406 407,17 18,400-CD million-CD,400-CD million-CD
nyt_20130321_china_pollution,14,e1000,NONE,124,B-STATE,e1000,1,90 million,90 million,90 million,CD CD,POS,CD CD,114,PRESENT,90 million,413 414,24 25,90-CD million-CD,90-CD million-CD
nyt_20130321_cyprus,0,e2001,NONE,13,B-OCCURRENCE,e2001,1,exit,exit,exit,NN,POS,NN,9,NONE,exit,3,3,exit-NN,exit-NN
nyt_20130321_cyprus,0,e1,NONE,47,B-OCCURRENCE,e1,1,come,come,comes,VBZ,POS,VB,42,PRESENT,comes,11,11,comes-VB,come-VB
nyt_20130321_cyprus,0,e2023,PERFECTIVE,89,B-OCCURRENCE,e2023,1,effect,effect,effect,NN,POS,NN,83,NONE,effect,19,19,effect-NN,effect-NN
nyt_20130321_cyprus,0,e2006,NONE,150,B-STATE,e2006,1,indebted,indebted,indebted,JJ,POS,JJ,142,PRESENT,indebted,31,31,indebted-JJ,indebted-JJ
nyt_20130321_cyprus,1,e2102,NONE,57,B-OCCURRENCE,e2102,1,debacle,debacle,debacle,NN,POS,NN,50,PAST,debacle,46,10,debacle-NN,debacle-NN
nyt_20130321_cyprus,1,e2007,PERFECTIVE,105,B-OCCURRENCE,e2007,1,disaster,disaster,disaster,NN,POS,NN,97,PRESENT,disaster,54,18,disaster-NN,disaster-NN
nyt_20130321_cyprus,2,e2,PROGRESSIVE,69,B-OCCURRENCE,e2,1,result,result,resulting,VBG,POS,VB,60,PRESENT,resulting,67,12,resulting-VB,result-VB
nyt_20130321_cyprus,2,e2105,NONE,101,B-OCCURRENCE,e2105,1,collapse,collapse,collapse,NN,POS,NN,93,PAST,collapse,72,17,collapse-NN,collapse-NN
nyt_20130321_cyprus,2,e3,NONE,127,B-OCCURRENCE,e3,1,return,return,return,NN,POS,NN,121,NONE,return,77,22,return-NN,return-NN
nyt_20130321_cyprus,2,e4,NONE,191,B-STATE,e4,1,havoc,havoc,havoc,NN,POS,NN,186,NONE,havoc,88,33,havoc-NN,havoc-NN
nyt_20130321_cyprus,2,e5,PERFECTIVE,222,B-ASPECTUAL,e5,1,create,create,created,VBN,POS,VB,215,PRESENT,created,93,38,created-VB,create-VB
nyt_20130321_cyprus,2,e6,NONE,245,B-OCCURRENCE,e6,1,bail,bail,bailed,VBN,NEG,VB,239,PAST,bailed,98,43,bailed-VB,bail-VB
nyt_20130321_cyprus,3,e7,NONE,43,B-I_STATE,e7,1,contend,contend,contend,VBP,POS,VB,36,PRESENT,contend,107,7,contend-VB,contend-VB
nyt_20130321_cyprus,3,e2008,NONE,183,B-STATE,e2008,1,adamant,adamant,adamant,JJ,POS,JJ,176,PAST,adamant,132,32,adamant-JJ,adamant-JJ
nyt_20130321_cyprus,3,e2009,NONE,252,B-OCCURRENCE,e2009,1,contribute,contribute,contribute,VBP,POS,VB,242,PRESENT,contribute,144,44,contribute-VB,contribute-VB
nyt_20130321_cyprus,3,e2103,NONE,331,B-OCCURRENCE,e2103,1,bailout,bailout,bailout,NN,POS,NN,324,PAST,bailout,158,58,bailout-NN,bailout-NN
nyt_20130321_cyprus,4,e8,NONE,41,B-OCCURRENCE,e8,1,fail,fail,fail,VB,POS,VB,37,INFINITIVE,fail,173,9,fail-VB,fail-VB
nyt_20130321_cyprus,4,e9,PROGRESSIVE,80,B-STATE,e9,1,create,create,creates,VBZ,POS,VB,73,PRESENT,creates,181,17,creates-VB,create-VB
nyt_20130321_cyprus,5,e2012,NONE,53,B-STATE,e2012,1,noteworthy,noteworthy,noteworthy,JJ,POS,JJ,43,PRESENT,noteworthy,207,9,noteworthy-JJ,noteworthy-JJ
nyt_20130321_cyprus,5,e2010,NONE,135,B-STATE,e2010,1,2.6,2.6,2.6,CD,POS,CD,132,PRESENT,2.6,222,24,2.6-CD,2.6-CD
nyt_20130321_cyprus,6,e10,PROGRESSIVE,31,B-STATE,e10,1,struggle,struggle,struggling,VBG,POS,VB,21,PRESENT,struggling,238,5,struggling-VB,struggle-VB
nyt_20130321_cyprus,6,e11,NONE,42,B-OCCURRENCE,e11,1,recover,recover,recover,VB,POS,VB,35,INFINITIVE,recover,240,7,recover-VB,recover-VB
nyt_20130321_cyprus,6,e2013,NONE,68,B-OCCURRENCE,e2013,1,collapse,collapse,collapse,NN,POS,NN,60,PAST,collapse,244,11,collapse-NN,collapse-NN
nyt_20130321_cyprus,6,e12,NONE,107,B-OCCURRENCE,e12,1,bailout,bailout,bailout,NN,POS,NN,100,PAST,bailout,249,16,bailout-NN,bailout-NN
nyt_20130321_cyprus,6,e2106,NONE,151,B-STATE,e2106,1,ratio,ratio,ratio,NN,POS,NN,146,PRESENT,ratio,257,24,ratio-NN,ratio-NN
nyt_20130321_cyprus,7,e13,NONE,24,B-OCCURRENCE,e13,1,mount,mount,mount,VBP,POS,VB,19,PRESENT,mount,267,5,mount-VB,mount-VB
nyt_20130321_cyprus,7,e14,NONE,113,B-OCCURRENCE,e14,1,make,make,make,VB,POS,VB,109,PRESENT,make,282,20,make-VB,make-VB
nyt_20130321_cyprus,7,e15,PROGRESSIVE,148,B-OCCURRENCE,e15,1,form,form,forming,VBG,POS,VB,141,PRESENT,forming,290,28,forming-VB,form-VB
nyt_20130321_cyprus,7,e16,NONE,198,B-OCCURRENCE,e16,1,send,send,sent,VBN,POS,VB,194,FUTURE,sent,300,38,sent-VB,send-VB
nyt_20130321_cyprus,7,e17,NONE,237,B-ASPECTUAL,e17,1,start,start,start,VB,POS,VB,232,PRESENT,start,306,44,start-VB,start-VB
nyt_20130321_cyprus,7,e2014,NONE,254,B-I_ACTION,e2014,1,loss,loss,losses,NNS,POS,NN,248,NONE,losses,308,46,losses-NN,loss-NN
nyt_20130321_cyprus,7,e19,NONE,283,B-OCCURRENCE,e19,1,survive,survive,survive,VB,POS,VB,276,PRESENT,survive,314,52,survive-VB,survive-VB
nyt_20130321_cyprus,8,e20,NONE,69,B-OCCURRENCE,e20,1,remove,remove,remove,VB,POS,VB,63,PRESENT,remove,334,15,remove-VB,remove-VB
nyt_20130321_cyprus,8,e21,NONE,92,B-REPORTING,e21,1,say,say,said,VBD,POS,VB,88,PAST,said,340,21,said-VB,say-VB
nyt_20130321_cyprus,9,e22,NONE,36,B-REPORTING,e22,1,say,say,said,VBD,POS,VB,32,PAST,said,369,10,said-VB,say-VB
nyt_20130321_cyprus,9,e23,PROGRESSIVE,48,B-OCCURRENCE,e23,1,refer,refer,referring,VBG,POS,VB,39,PRESENT,referring,371,12,referring-VB,refer-VB
nyt_20130321_cyprus,9,e2100,NONE,81,B-OCCURRENCE,e2100,1,reaction,reaction,reaction,NN,POS,NN,73,PAST,reaction,376,17,reaction-NN,reaction-NN
nyt_20130321_cyprus,9,e24,NONE,89,B-ASPECTUAL,e24,1,touch,touch,touched,VBD,POS,VB,82,PAST,touched,377,18,touched-VB,touch-VB
nyt_20130321_cyprus,9,e2016,NONE,109,B-OCCURRENCE,e2016,1,collapse,collapse,collapse,NN,POS,NN,101,PAST,collapse,381,22,collapse-NN,collapse-NN
nyt_20130321_cyprus,10,e25,PERFECTIVE,46,B-OCCURRENCE,e25,1,study,study,studied,VBN,POS,VB,39,PRESENT,studied,396,9,studied-VB,study-VB
nyt_20130321_cyprus,10,e26,NONE,90,B-OCCURRENCE,e26,1,remove,remove,remove,VB,POS,VB,84,PRESENT,remove,404,17,remove-VB,remove-VB
nyt_20130321_cyprus,11,e27,NONE,154,B-STATE,e27,1,exposure,exposure,exposure,NN,POS,NN,146,PRESENT,exposure,437,27,exposure-NN,exposure-NN
nyt_20130321_cyprus,13,e30,PERFECTIVE,57,B-OCCURRENCE,e30,1,force,force,forced,VBN,POS,VB,51,PAST,forced,467,10,forced-VB,force-VB
nyt_20130321_cyprus,13,e2011,NONE,85,B-OCCURRENCE,e2011,1,exit,exit,exit,NN,POS,NN,81,NONE,exit,472,15,exit-NN,exit-NN
nyt_20130321_cyprus,13,e32,PERFECTIVE,169,B-STATE,e32,1,exposure,exposure,exposure,NN,POS,NN,161,PAST,exposure,487,30,exposure-NN,exposure-NN
nyt_20130321_cyprus,14,e33,NONE,16,B-REPORTING,e33,1,explain,explain,explains,VBZ,POS,VB,8,PRESENT,explains,503,3,explains-VB,explain-VB
nyt_20130321_cyprus,14,e34,PROGRESSIVE,68,B-STATE,e34,1,pressure,pressure,pressure,NN,POS,NN,60,PRESENT,pressure,512,12,pressure-NN,pressure-NN
nyt_20130321_cyprus,14,e35,NONE,88,B-REPORTING,e35,1,say,say,said,VBD,POS,VB,84,PAST,said,517,17,said-VB,say-VB
nyt_20130321_cyprus,15,e36,PROGRESSIVE,18,B-REPORTING,e36,1,say,say,saying,VBG,POS,VB,12,PRESENT,saying,538,4,saying-VB,say-VB
nyt_20130321_cyprus,15,e38,PROGRESSIVE,50,B-OCCURRENCE,e38,1,push,push,pushing,VBG,POS,VB,43,PRESENT,pushing,545,11,pushing-VB,push-VB
nyt_20130321_cyprus,15,e39,NONE,116,B-OCCURRENCE,e39,1,loss,loss,losses,NNS,POS,NN,110,PRESENT,losses,559,25,losses-NN,loss-NN
nyt_20130321_cyprus,15,e40,PROGRESSIVE,136,B-STATE,e40,1,break,break,broke,VBD,NEG,VB,131,PRESENT,broke,562,28,broke-VB,break-VB
nyt_20130321_cyprus,16,e41,NONE,13,B-REPORTING,e41,1,note,note,notes,VBZ,POS,VB,8,PRESENT,notes,567,3,notes-VB,note-VB
nyt_20130321_cyprus,16,e42,NONE,105,B-OCCURRENCE,e42,1,put,put,put,VBN,POS,VB,102,PAST,put,583,19,put-VB,put-VB
nyt_20130321_cyprus,16,e2017,NONE,140,B-OCCURRENCE,e2017,1,panic,panic,panic,NN,POS,NN,135,PAST,panic,589,25,panic-NN,panic-NN
nyt_20130321_cyprus,16,e43,NONE,174,B-OCCURRENCE,e43,1,collapse,collapse,collapse,NN,POS,NN,166,PAST,collapse,594,30,collapse-NN,collapse-NN
nyt_20130321_cyprus,17,e44,NONE,27,B-STATE,e44,1,suppose,suppose,supposed,VBN,POS,VB,19,PRESENT,supposed,599,4,supposed-VB,suppose-VB
nyt_20130321_cyprus,17,e45,NONE,41,B-OCCURRENCE,e45,1,insure,insure,insured,VBN,POS,VB,34,PAST,insured,602,7,insured-VB,insure-VB
nyt_20130321_cyprus,18,e46,NONE,40,B-REPORTING,e46,1,admit,admit,admitted,VBD,POS,VB,32,PAST,admitted,613,7,admitted-VB,admit-VB
nyt_20130321_cyprus,18,e2104,NONE,80,B-OCCURRENCE,e2104,1,have,have,have,VB,NEG,VB,76,PAST,have,621,15,have-VB,have-VB
nyt_20130321_cyprus,18,e47,NONE,278,B-OCCURRENCE,e47,1,snap,snap,snapped,VBN,POS,VB,271,PAST,snapped,656,50,snapped-VB,snap-VB
nyt_20130321_cyprus,19,e48,PERFECTIVE,80,B-REPORTING,e48,1,admit,admit,admitted,VBN,POS,VB,72,PRESENT,admitted,674,17,admitted-VB,admit-VB
nyt_20130321_cyprus,19,e49,NONE,105,B-STATE,e49,1,afford,afford,afford,VB,NEG,VB,99,PRESENT,afford,679,22,afford-VB,afford-VB
nyt_20130321_cyprus,19,e50,NONE,112,B-OCCURRENCE,e50,1,pay,pay,pay,VB,POS,VB,109,INFINITIVE,pay,681,24,pay-VB,pay-VB
nyt_20130321_cyprus,19,e51,NONE,144,B-REPORTING,e51,1,say,say,said,VBD,POS,VB,140,PAST,said,688,31,said-VB,say-VB
nyt_20130321_cyprus,20,e52,NONE,17,B-OCCURRENCE,e52,1,expulsion,expulsion,expulsion,NN,POS,NN,8,FUTURE,expulsion,692,3,expulsion-NN,expulsion-NN
nyt_20130321_cyprus,20,e2101,NONE,105,B-STATE,e2101,1,evanescent,evanescent,evanescent,JJ,POS,JJ,95,FUTURE,evanescent,708,19,evanescent-JJ,evanescent-JJ
nyt_20130321_cyprus,20,e55,PERFECTIVE,131,B-OCCURRENCE,e55,1,convert,convert,converted,VBN,POS,VB,122,FUTURE,converted,713,24,converted-VB,convert-VB
nyt_20130321_cyprus,20,e57,PROGRESSIVE,199,B-OCCURRENCE,e57,1,adopt,adopt,adopting,VBG,POS,VB,191,PRESENT,adopting,724,35,adopting-VB,adopt-VB
nyt_20130321_sarkozy,0,e1,NONE,45,B-REPORTING,e1,1,inform,inform,informed,VBN,POS,VB,37,PAST,informed,6,6,informed-VB,inform-VB
nyt_20130321_sarkozy,0,e2,NONE,73,B-I_ACTION,e2,1,face,face,face,VB,POS,VB,69,FUTURE,face,11,11,face-VB,face-VB
nyt_20130321_sarkozy,0,e21,NONE,96,B-OCCURRENCE,e21,1,investigation,investigation,investigation,NN,POS,NN,83,FUTURE,investigation,14,14,investigation-NN,investigation-NN
nyt_20130321_sarkozy,0,e3,NONE,119,B-OCCURRENCE,e3,1,abuse,abuse,abused,VBD,POS,VB,113,PAST,abused,18,18,abused-VB,abuse-VB
nyt_20130321_sarkozy,0,e4,NONE,233,B-OCCURRENCE,e4,1,get,get,get,VB,POS,VB,230,INFINITIVE,get,40,40,get-VB,get-VB
nyt_20130321_sarkozy,0,e1000,NONE,274,B-OCCURRENCE,e1000,1,campaign,campaign,campaign,NN,POS,NN,266,NONE,campaign,46,46,campaign-NN,campaign-NN
nyt_20130321_sarkozy,1,e5,PERFECTIVE,22,B-OCCURRENCE,e5,1,deny,deny,denied,VBN,POS,VB,16,PRESENT,denied,51,4,denied-VB,deny-VB
nyt_20130321_sarkozy,1,e6,PERFECTIVE_PROGRESSIVE,32,B-I_ACTION,e6,1,accept,accept,accepting,VBG,POS,VB,23,PRESENT,accepting,52,5,accepting-VB,accept-VB
nyt_20130321_sarkozy,1,e7,NONE,166,B-STATE,e7,1,allege,allege,alleged,VBN,POS,VB,159,PASTPART,alleged,75,28,alleged-VB,allege-VB
nyt_20130321_sarkozy,2,e8,NONE,47,B-REPORTING,e8,1,call,call,called,VBD,POS,VB,41,PAST,called,89,9,called-VB,call-VB
nyt_20130321_sarkozy,2,e9,NONE,69,B-OCCURRENCE,e9,1,decision,decision,decision,NN,POS,NN,61,PRESENT,decision,93,13,decision-NN,decision-NN
nyt_20130321_sarkozy,2,e10,NONE,87,B-I_ACTION,e10,1,indicate,indicate,indicates,VBZ,POS,VB,78,PRESENT,indicates,96,16,indicates-VB,indicate-VB
nyt_20130321_sarkozy,2,e11,NONE,111,B-I_STATE,e11,1,believe,believe,believes,VBZ,POS,VB,103,PRESENT,believes,100,20,believes-VB,believe-VB
nyt_20130321_sarkozy,2,e23,NONE,155,B-OCCURRENCE,e23,1,crime,crime,crime,NN,POS,NN,150,NONE,crime,107,27,crime-NN,crime-NN
nyt_20130321_sarkozy,3,e13,NONE,15,B-REPORTING,e13,1,say,say,said,VBD,POS,VB,11,PAST,said,119,3,said-VB,say-VB
nyt_20130321_sarkozy,3,e14,NONE,31,B-OCCURRENCE,e14,1,appeal,appeal,appeal,VB,POS,VB,25,FUTURE,appeal,122,6,appeal-VB,appeal-VB
nyt_20130321_sarkozy,4,e15,NONE,10,B-OCCURRENCE,e15,1,ruling,ruling,ruling,NN,POS,NN,4,NONE,ruling,125,2,ruling-NN,ruling-NN
nyt_20130321_sarkozy,4,e16,NONE,36,B-I_STATE,e16,1,mean,mean,mean,VB,NEG,VB,32,PRESENT,mean,129,6,mean-VB,mean-VB
nyt_20130321_sarkozy,4,e17,NONE,64,B-OCCURRENCE,e17,1,lose,lose,lost,VBD,POS,VB,60,PAST,lost,135,12,lost-VB,lose-VB
nyt_20130321_sarkozy,4,e18,NONE,84,B-OCCURRENCE,e18,1,bid,bid,bid,NN,POS,NN,81,PAST,bid,138,15,bid-NN,bid-NN
nyt_20130321_sarkozy,4,e19,NONE,161,B-I_STATE,e19,1,stand,stand,stand,VB,POS,VB,156,FUTURE,stand,151,28,stand-VB,stand-VB
nyt_20130321_sarkozy,4,e20,NONE,167,B-OCCURRENCE,e20,1,trial,trial,trial,NN,POS,NN,162,FUTURE,trial,152,29,trial-NN,trial-NN
nyt_20130321_women_senate,0,e1000009,NONE,38,B-OCCURRENCE,e1000009,1,gather,gather,gathered,VBN,POS,VB,30,PAST,gathered,6,6,gathered-VB,gather-VB
nyt_20130321_women_senate,0,e1,NONE,59,B-OCCURRENCE,e1,1,vote,vote,vote,NN,POS,NN,55,PAST,vote,10,10,vote-NN,vote-NN
nyt_20130321_women_senate,0,e2,NONE,108,B-OCCURRENCE,e2,1,slip,slip,slipped,VBD,POS,VB,101,PAST,slipped,19,19,slipped-VB,slip-VB
nyt_20130321_women_senate,0,e3,NONE,146,B-OCCURRENCE,e3,1,savor,savor,savor,VB,POS,VB,141,INFINITIVE,savor,26,26,savor-VB,savor-VB
nyt_20130321_women_senate,1,e4,NONE,62,B-OCCURRENCE,e4,1,sit,sit,sat,VBD,POS,VB,59,PAST,sat,45,12,sat-VB,sit-VB
nyt_20130321_women_senate,1,e5,PERFECTIVE,141,B-OCCURRENCE,e5,1,cast,cast,cast,VBN,POS,VB,137,PAST,cast,59,26,cast-VB,cast-VB
nyt_20130321_women_senate,1,e6,NONE,173,B-OCCURRENCE,e6,1,march,march,marched,VBD,POS,VB,166,PAST,marched,65,32,marched-VB,march-VB
nyt_20130321_women_senate,2,e7,NONE,27,B-REPORTING,e7,1,tell,tell,told,VBD,POS,VB,23,PAST,told,76,6,told-VB,tell-VB
nyt_20130321_women_senate,3,e1000010,NONE,23,B-OCCURRENCE,e1000010,1,induction,induction,induction,NN,POS,NN,14,NONE,induction,87,4,induction-NN,induction-NN
nyt_20130321_women_senate,3,e8,PERFECTIVE,140,B-ASPECTUAL,e8,1,begin,begin,begun,VBN,POS,VB,135,PAST,begun,109,26,begun-VB,begin-VB
nyt_20130321_women_senate,4,e9,NONE,30,B-OCCURRENCE,e9,1,stick,stick,stuck,VBD,POS,VB,25,PAST,stuck,116,6,stuck-VB,stick-VB
nyt_20130321_women_senate,4,e10,NONE,59,B-REPORTING,e10,1,say,say,said,VBD,POS,VB,55,PAST,said,123,13,said-VB,say-VB
nyt_20130321_women_senate,6,e11,NONE,54,B-ASPECTUAL,e11,1,become,become,became,VBD,POS,VB,48,PAST,became,146,10,became-VB,become-VB
nyt_20130321_women_senate,6,e12,NONE,106,B-STATE,e12,1,swear,swear,sworn,VBN,POS,VB,101,PASTPART,sworn,156,20,sworn-VB,swear-VB
nyt_20130321_women_senate,6,e13,NONE,144,B-ASPECTUAL,e13,1,remain,remain,remain,VBP,POS,VB,138,PRESENT,remain,165,29,remain-VB,remain-VB
nyt_20130321_women_senate,7,e1000011,NONE,41,B-STATE,e1000011,1,office,office,office,NN,POS,NN,35,NONE,office,180,8,office-NN,office-NN
nyt_20130321_women_senate,7,e1000012,PERFECTIVE,81,B-OCCURRENCE,e1000012,1,morph,morph,morphed,VBN,POS,VB,74,PRESENT,morphed,188,16,morphed-VB,morph-VB
nyt_20130321_women_senate,7,e1010,NONE,100,B-STATE,e1010,1,curiosity,curiosity,curiosity,NN,POS,NN,91,PAST,curiosity,191,19,curiosity-NN,curiosity-NN
nyt_20130321_women_senate,9,e14,NONE,156,B-OCCURRENCE,e14,1,dispense,dispense,dispenses,VBZ,POS,VB,147,PRESENT,dispenses,254,28,dispenses-VB,dispense-VB
nyt_20130321_women_senate,9,e15,PERFECTIVE,252,B-STATE,e15,1,dominate,dominate,dominated,VBN,POS,VB,243,PRESENT,dominated,267,41,dominated-VB,dominate-VB
nyt_20130321_women_senate,10,e16,NONE,109,B-STATE,e16,1,charge,charge,charged,VBN,POS,VB,102,PRESENT,charged,289,19,charged-VB,charge-VB
nyt_20130321_women_senate,10,e17,PROGRESSIVE,122,B-OCCURRENCE,e17,1,shape,shape,shaping,VBG,POS,VB,115,PRESENT,shaping,291,21,shaping-VB,shape-VB
nyt_20130321_women_senate,10,e18,PROGRESSIVE,167,B-OCCURRENCE,e18,1,battle,battle,battle,NN,POS,NN,161,PRESENT,battle,298,28,battle-NN,battle-NN
nyt_20130321_women_senate,11,e19,NONE,32,B-OCCURRENCE,e19,1,pass,pass,pass,VB,POS,VB,28,INFINITIVE,pass,309,7,pass-VB,pass-VB
nyt_20130321_women_senate,11,e20,NONE,78,B-OCCURRENCE,e20,1,lead,lead,led,VBN,POS,VB,75,PASTPART,led,317,15,led-VB,lead-VB
nyt_20130321_women_senate,11,e21,NONE,140,B-OCCURRENCE,e21,1,preside,preside,presides,VBZ,POS,VB,132,PRESENT,presides,327,25,presides-VB,preside-VB
nyt_20130321_women_senate,12,e22,NONE,124,B-OCCURRENCE,e22,1,shepherd,shepherd,shepherded,VBD,POS,VB,114,PAST,shepherded,351,19,shepherded-VB,shepherd-VB
nyt_20130321_women_senate,13,e23,PROGRESSIVE,17,B-OCCURRENCE,e23,1,grow,grow,growing,VBG,POS,VB,10,PRESENT,growing,359,4,growing-VB,grow-VB
nyt_20130321_women_senate,13,e24,NONE,37,B-REPORTING,e24,1,say,say,said,VBD,POS,VB,33,PAST,said,364,9,said-VB,say-VB
nyt_20130321_women_senate,14,e25,PROGRESSIVE,40,B-OCCURRENCE,e25,1,grow,grow,growing,VBG,POS,VB,33,PRESENT,growing,380,8,growing-VB,grow-VB
nyt_20130321_women_senate,15,e26,NONE,20,B-ASPECTUAL,e26,1,start,start,started,VBD,POS,VB,13,PAST,started,388,4,started-VB,start-VB
nyt_20130321_women_senate,15,e27,NONE,64,B-STATE,e27,1,have,have,have,VB,POS,VB,60,INFINITIVE,have,398,14,have-VB,have-VB
nyt_20130321_women_senate,15,e1000014,PROGRESSIVE,81,B-STATE,e1000014,1,manage,manage,managing,VBG,POS,VB,73,PRESENT,managing,401,17,managing-VB,manage-VB
nyt_20130321_women_senate,16,e29,NONE,76,B-OCCURRENCE,e29,1,hold,hold,hold,VBP,POS,VB,72,PRESENT,hold,420,15,hold-VB,hold-VB
nyt_20130321_women_senate,16,e30,PROGRESSIVE,89,B-OCCURRENCE,e30,1,change,change,changing,VBG,POS,VB,81,PRESENT,changing,422,17,changing-VB,change-VB
nyt_20130321_women_senate,16,e31,PROGRESSIVE,125,B-OCCURRENCE,e31,1,push,push,pushing,VBG,POS,VB,118,PRESENT,pushing,429,24,pushing-VB,push-VB
nyt_20130321_women_senate,17,e32,NONE,16,B-I_STATE,e32,1,want,want,want,VB,NEG,VB,12,PRESENT,want,445,5,want-VB,want-VB
nyt_20130321_women_senate,17,e33,NONE,30,B-OCCURRENCE,e33,1,generalize,generalize,generalize,VB,POS,VB,20,INFINITIVE,generalize,447,7,generalize-VB,generalize-VB
nyt_20130321_women_senate,17,e36,NONE,140,B-REPORTING,e36,1,say,say,said,VBD,POS,VB,136,PAST,said,471,31,said-VB,say-VB
nyt_20130321_women_senate,18,e37,NONE,13,B-I_STATE,e37,1,think,think,think,VBP,POS,VB,8,PRESENT,think,483,4,think-VB,think-VB
nyt_20130321_women_senate,18,e38,NONE,33,B-STATE,e38,1,have,have,have,VB,POS,VB,29,FUTURE,have,488,9,have-VB,have-VB
nyt_20130321_women_senate,18,e1000015,PROGRESSIVE,49,B-STATE,e1000015,1,have,have,having,VBG,POS,VB,43,PRESENT,having,492,13,having-VB,have-VB
nyt_20130321_women_senate,18,e39,NONE,69,B-OCCURRENCE,e39,1,impact,impact,impact,NN,POS,NN,63,FUTURE,impact,496,17,impact-NN,impact-NN
nyt_20130321_women_senate,19,e40,PERFECTIVE,95,B-ASPECTUAL,e40,1,begin,begin,begun,VBN,POS,VB,90,PRESENT,begun,516,15,begun-VB,begin-VB
nyt_20130321_women_senate,19,e41,NONE,104,B-OCCURRENCE,e41,1,crack,crack,crack,VB,POS,VB,99,INFINITIVE,crack,518,17,crack-VB,crack-VB
nyt_20130321_women_senate,19,e1003,NONE,125,B-STATE,e1003,1,gridlock,gridlock,gridlock,NN,POS,NN,117,NONE,gridlock,522,21,gridlock-NN,gridlock-NN
nyt_20130321_women_senate,19,e42,PROGRESSIVE,136,B-OCCURRENCE,e42,1,form,form,forming,VBG,POS,VB,129,PRESENT,forming,524,23,forming-VB,form-VB
nyt_20130321_women_senate,19,e1000016,PERFECTIVE,167,B-OCCURRENCE,e1000016,1,surprise,surprise,surprised,VBN,POS,VB,158,PRESENT,surprised,528,27,surprised-VB,surprise-VB
nyt_20130321_women_senate,20,e43,NONE,108,B-OCCURRENCE,e43,1,lead,lead,led,VBD,POS,VB,105,PAST,led,553,20,led-VB,lead-VB
nyt_20130321_women_senate,20,e44,NONE,119,B-OCCURRENCE,e44,1,repeal,repeal,repeal,NN,POS,NN,113,PAST,repeal,555,22,repeal-NN,repeal-NN
nyt_20130321_women_senate,20,e47,NONE,186,B-OCCURRENCE,e47,1,allow,allow,allowing,VBG,POS,VB,178,PRESPART,allowing,572,39,allowing-VB,allow-VB
nyt_20130321_women_senate,20,e48,NONE,213,B-OCCURRENCE,e48,1,serve,serve,serve,VB,POS,VB,208,INFINITIVE,serve,578,45,serve-VB,serve-VB
nyt_20130321_women_senate,21,e49,NONE,59,B-OCCURRENCE,e49,1,split,split,split,VBD,POS,VB,54,PAST,split,594,11,split-VB,split-VB
nyt_20130321_women_senate,21,e50,NONE,86,B-OCCURRENCE,e50,1,vote,vote,voted,VBD,POS,VB,81,PAST,voted,599,16,voted-VB,vote-VB
nyt_20130321_women_senate,21,e51,NONE,123,B-OCCURRENCE,e51,1,reauthorize,reauthorize,reauthorize,VB,POS,VB,112,INFINITIVE,reauthorize,604,21,reauthorize-VB,reauthorize-VB
nyt_20130321_women_senate,21,e53,PERFECTIVE,173,B-OCCURRENCE,e53,1,lapse,lapse,lapsed,VBN,POS,VB,167,PAST,lapsed,613,30,lapsed-VB,lapse-VB
nyt_20130321_women_senate,21,e1002,NONE,198,B-OCCURRENCE,e1002,1,Congress,congress,congress,NNP,POS,NN,190,PAST,Congress,617,34,congress-NN,congress-NN
nyt_20130322_strange_computer,1,e1,NONE,77,B-OCCURRENCE,e1,1,deploy,deploy,deployed,VBN,POS,VB,69,FUTURE,deployed,36,14,deployed-VB,deploy-VB
nyt_20130322_strange_computer,1,e2,PROGRESSIVE,127,B-OCCURRENCE,e2,1,take,take,taking,VBG,POS,VB,121,PRESENT,taking,44,22,taking-VB,take-VB
nyt_20130322_strange_computer,5,e6,PROGRESSIVE,114,B-OCCURRENCE,e6,1,work,work,working,VBG,POS,VB,107,PAST,working,127,16,working-VB,work-VB
nyt_20130322_strange_computer,5,e7,NONE,125,B-OCCURRENCE,e7,1,develop,develop,develop,VB,POS,VB,118,INFINITIVE,develop,129,18,develop-VB,develop-VB
nyt_20130322_strange_computer,6,e8,NONE,34,B-OCCURRENCE,e8,1,buy,buy,bought,VBD,POS,VB,28,PAST,bought,138,6,bought-VB,buy-VB
nyt_20130322_strange_computer,6,e9,NONE,138,B-I_STATE,e9,1,confident,confident,confident,JJ,POS,JJ,129,PRESENT,confident,156,24,confident-JJ,confident-JJ
nyt_20130322_strange_computer,6,e10,NONE,174,B-OCCURRENCE,e10,1,upgrade,upgrade,upgrade,VB,POS,VB,167,INFINITIVE,upgrade,162,30,upgrade-VB,upgrade-VB
nyt_20130322_strange_computer,6,e11,NONE,208,B-ASPECTUAL,e11,1,become,become,becoming,VBG,POS,VB,200,PRESPART,becoming,168,36,becoming-VB,become-VB
nyt_20130322_strange_computer,6,e12,NONE,233,B-OCCURRENCE,e12,1,use,use,use,VB,POS,VB,230,INFINITIVE,use,173,41,use-VB,use-VB
nyt_20130322_strange_computer,7,e14,NONE,12,B-REPORTING,e14,1,say,say,say,VBP,POS,VB,9,PRESENT,say,183,2,say-VB,say-VB
nyt_20130322_strange_computer,7,e15,NONE,41,B-OCCURRENCE,e15,1,prove,prove,prove,VB,POS,VB,36,PRESENT,prove,189,8,prove-VB,prove-VB
nyt_20130322_strange_computer,7,e16,PERFECTIVE,82,B-OCCURRENCE,e16,1,solve,solve,solved,VBN,POS,VB,76,PRESENT,solved,196,15,solved-VB,solve-VB
nyt_20130322_strange_computer,8,e18,NONE,18,B-OCCURRENCE,e18,1,perform,perform,performs,VBZ,POS,VB,10,PRESENT,performs,208,4,performs-VB,perform-VB
nyt_20130322_strange_computer,8,e19,NONE,48,B-I_STATE,e19,1,expect,expect,expect,VBP,POS,VB,42,PRESENT,expect,213,9,expect-VB,expect-VB
nyt_20130322_strange_computer,8,e20,NONE,75,B-OCCURRENCE,e20,1,use,use,used,VBN,POS,VB,71,FUTURE,used,219,15,used-VB,use-VB
nyt_20130322_strange_computer,8,e21,NONE,90,B-OCCURRENCE,e21,1,supercharge,supercharge,supercharge,VB,POS,VB,79,INFINITIVE,supercharge,221,17,supercharge-VB,supercharge-VB
nyt_20130322_strange_computer,8,e22,NONE,131,B-OCCURRENCE,e22,1,solve,solve,solving,VBG,POS,VB,124,PRESPART,solving,228,24,solving-VB,solve-VB
nyt_20130322_strange_computer,8,e23,NONE,208,B-OCCURRENCE,e23,1,do,do,done,VBN,POS,VB,204,FUTURE,done,241,37,done-VB,do-VB
nyt_20130322_strange_computer,9,e24,NONE,54,B-REPORTING,e24,1,say,say,said,VBD,POS,VB,50,PAST,said,252,9,said-VB,say-VB
nyt_20130322_strange_computer,9,e25,NONE,76,B-OCCURRENCE,e25,1,use,use,use,VB,POS,VB,73,FUTURE,use,256,13,use-VB,use-VB
nyt_20130322_strange_computer,9,e26,NONE,107,B-OCCURRENCE,e26,1,create,create,create,VB,POS,VB,101,INFINITIVE,create,261,18,create-VB,create-VB
nyt_20130322_strange_computer,9,e27,NONE,116,B-OCCURRENCE,e27,1,test,test,test,VB,POS,VB,112,INFINITIVE,test,263,20,test-VB,test-VB
nyt_20130322_strange_computer,10,e28,NONE,44,B-PERCEPTION,e28,1,tell,tell,tell,VB,POS,VB,40,INFINITIVE,tell,281,10,tell-VB,tell-VB
nyt_20130322_strange_computer,10,e29,NONE,136,B-OCCURRENCE,e29,1,react,react,react,VB,POS,VB,131,FUTURE,react,296,25,react-VB,react-VB
nyt_20130322_strange_computer,10,e30,NONE,153,B-OCCURRENCE,e30,1,burst,burst,burst,NN,POS,NN,148,FUTURE,burst,300,29,burst-NN,burst-NN
nyt_20130322_strange_computer,10,e31,NONE,164,B-OCCURRENCE,e31,1,pulse,pulse,pulse,NN,POS,NN,159,FUTURE,pulse,303,32,pulse-NN,pulse-NN
nyt_20130322_strange_computer,10,e33,NONE,248,B-I_ACTION,e33,1,determine,determine,determine,VB,POS,VB,239,INFINITIVE,determine,319,48,determine-VB,determine-VB
WSJ_20130318_731,0,e1,NONE,21,B-OCCURRENCE,e1,1,break,break,broke,VBD,POS,VB,16,PAST,broke,3,3,broke-VB,break-VB
WSJ_20130318_731,0,e2,NONE,60,B-OCCURRENCE,e2,1,release,release,released,VBD,POS,VB,52,PAST,released,10,10,released-VB,release-VB
WSJ_20130318_731,0,e3,NONE,113,B-I_STATE,e3,1,enable,enable,enabled,VBD,POS,VB,106,PAST,enabled,18,18,enabled-VB,enable-VB
WSJ_20130318_731,1,e6,PROGRESSIVE,19,B-OCCURRENCE,e6,1,help,help,help,NN,POS,NN,15,PRESENT,help,40,5,help-NN,help-NN
WSJ_20130318_731,1,e7,PROGRESSIVE,72,B-I_STATE,e7,1,hope,hope,hoping,VBG,POS,VB,66,PRESENT,hoping,49,14,hoping-VB,hope-VB
WSJ_20130318_731,1,e8,NONE,80,B-OCCURRENCE,e8,1,move,move,move,VB,POS,VB,76,PRESENT,move,51,16,move-VB,move-VB
WSJ_20130318_731,2,e9,PROGRESSIVE,22,B-OCCURRENCE,e9,1,expand,expand,expanding,VBG,POS,VB,13,PRESENT,expanding,59,3,expanding-VB,expand-VB
WSJ_20130318_731,2,e1000,NONE,105,B-OCCURRENCE,e1000,1,build,build,build,VB,POS,VB,100,PRESENT,build,71,15,build-VB,build-VB
WSJ_20130318_731,3,e10,NONE,40,B-OCCURRENCE,e10,1,select,select,selected,VBN,POS,VB,32,PAST,selected,95,8,selected-VB,select-VB
WSJ_20130318_731,4,e11,NONE,14,B-REPORTING,e11,1,say,say,said,VBD,POS,VB,10,PAST,said,115,2,said-VB,say-VB
WSJ_20130318_731,4,e12,PERFECTIVE,32,B-OCCURRENCE,e12,1,identify,identify,identified,VBN,POS,VB,22,PRESENT,identified,118,5,identified-VB,identify-VB
WSJ_20130318_731,4,e13,NONE,77,B-OCCURRENCE,e13,1,run,run,run,VB,POS,VB,74,PRESENT,run,126,13,run-VB,run-VB
WSJ_20130318_731,5,e14,NONE,17,B-OCCURRENCE,e14,1,give,give,gives,VBZ,POS,VB,12,PRESENT,gives,132,3,gives-VB,give-VB
WSJ_20130318_731,5,e15,NONE,86,B-OCCURRENCE,e15,1,create,create,create,VB,POS,VB,80,PRESENT,create,143,14,create-VB,create-VB
WSJ_20130318_731,5,e17,PROGRESSIVE,162,B-OCCURRENCE,e17,1,ask,ask,asking,VBG,NEG,VB,156,PRESENT,asking,159,30,asking-VB,ask-VB
WSJ_20130318_731,6,e18,NONE,28,B-STATE,e18,1,have,have,have,VB,NEG,VB,24,PRESENT,have,173,5,have-VB,have-VB
WSJ_20130318_731,7,e19,NONE,19,B-ASPECTUAL,e19,1,get,get,gets,VBZ,POS,VB,15,PRESENT,gets,183,3,gets-VB,get-VB
WSJ_20130318_731,7,e20,PROGRESSIVE,59,B-OCCURRENCE,e20,1,work,work,working,VBG,POS,VB,52,PRESENT,working,189,9,working-VB,work-VB
WSJ_20130318_731,7,e21,NONE,96,B-ASPECTUAL,e21,1,open,open,open,VB,POS,VB,92,PRESENT,open,195,15,open-VB,open-VB
WSJ_20130318_731,7,e22,NONE,161,B-I_ACTION,e22,1,convince,convince,convince,VB,POS,VB,153,PRESENT,convince,207,27,convince-VB,convince-VB
WSJ_20130318_731,7,e23,NONE,193,B-OCCURRENCE,e23,1,buy,buy,buy,VB,POS,VB,190,PRESENT,buy,212,32,buy-VB,buy-VB
WSJ_20130318_731,7,e25,NONE,230,B-OCCURRENCE,e25,1,use,use,use,NN,POS,NN,227,PRESENT,use,219,39,use-NN,use-NN
WSJ_20130318_731,8,e26,NONE,86,B-I_STATE,e26,1,want,want,wants,VBZ,POS,VB,81,PRESENT,wants,238,14,wants-VB,want-VB
WSJ_20130318_731,8,e27,NONE,93,B-OCCURRENCE,e27,1,use,use,use,VB,POS,VB,90,PRESENT,use,240,16,use-VB,use-VB
WSJ_20130318_731,8,e28,PROGRESSIVE,159,B-STATE,e28,1,$ 250,$ 250,$ 250,$ CD,POS,$ CD,154,PRESENT,$ 250,250 251,26 27,$-$ 250-CD,$-$ 250-CD
WSJ_20130321_1145,2,e6,NONE,20,B-I_STATE,e6,1,stand,stand,stands,VBZ,POS,VB,14,PRESENT,stands,37,4,stands-VB,stand-VB
WSJ_20130321_1145,3,e8,NONE,6,B-STATE,e8,1,lodge,lodge,lodged,VBN,POS,VB,0,PAST,Lodged,48,1,lodged-VB,lodge-VB
WSJ_20130321_1145,3,e101,NONE,92,B-REPORTING,e101,1,suggest,suggest,suggest,VBP,POS,VB,85,PRESPART,suggest,61,14,suggest-VB,suggest-VB
WSJ_20130321_1145,3,e9,NONE,102,B-OCCURRENCE,e9,1,kill,kill,kill,VB,POS,VB,98,FUTURE,kill,63,16,kill-VB,kill-VB
WSJ_20130321_1145,3,e100,NONE,122,B-STATE,e100,1,40,40,40,CD,POS,CD,120,FUTURE,40,68,21,40-CD,40-CD
WSJ_20130321_1145,4,e10,PROGRESSIVE,28,B-OCCURRENCE,e10,1,advance,advance,advancing,VBG,POS,VB,19,PRESENT,advancing,78,4,advancing-VB,advance-VB
WSJ_20130321_1145,4,e11,NONE,61,B-I_ACTION,e11,1,preclude,preclude,preclude,VB,NEG,VB,53,PRESENT,preclude,85,11,preclude-VB,preclude-VB
WSJ_20130321_1145,4,e12,NONE,77,B-OCCURRENCE,e12,1,development,development,development,NN,POS,NN,66,NONE,development,87,13,development-NN,development-NN
WSJ_20130321_1145,4,e13,NONE,130,B-OCCURRENCE,e13,1,come,come,come,VB,POS,VB,126,FUTURE,come,100,26,come-VB,come-VB
WSJ_20130321_1145,5,e14,NONE,49,B-STATE,e14,1,available,available,available,JJ,POS,JJ,40,FUTURE,available,112,9,available-JJ,available-JJ
WSJ_20130321_1145,5,e15,NONE,73,B-REPORTING,e15,1,say,say,said,VBD,POS,VB,69,PAST,said,118,15,said-VB,say-VB
WSJ_20130321_1145,5,e16,NONE,159,B-OCCURRENCE,e16,1,remove,remove,removed,VBD,POS,VB,152,PAST,removed,132,29,removed-VB,remove-VB
WSJ_20130321_1145,7,e21,NONE,109,B-OCCURRENCE,e21,1,force,force,forced,VBN,POS,VB,103,PAST,forced,188,23,forced-VB,force-VB
WSJ_20130321_1145,7,e22,NONE,117,B-OCCURRENCE,e22,1,step,step,step,VB,POS,VB,113,PAST,step,190,25,step-VB,step-VB
WSJ_20130321_1145,7,e23,PERFECTIVE,204,B-OCCURRENCE,e23,1,hold,hold,held,VBN,POS,VB,200,PAST,held,207,42,held-VB,hold-VB
WSJ_20130321_1145,8,e34,NONE,31,B-STATE,e34,1,clear,clear,clear,JJ,NEG,JJ,26,PRESENT,clear,218,6,clear-JJ,clear-JJ
WSJ_20130321_1145,8,e24,NONE,38,B-REPORTING,e24,1,say,say,said,VBD,POS,VB,34,PAST,said,220,8,said-VB,say-VB
WSJ_20130321_1145,8,e25,PROGRESSIVE,52,B-REPORTING,e25,1,add,add,adding,VBG,POS,VB,46,PRESENT,adding,223,11,adding-VB,add-VB
WSJ_20130321_1145,10,e103,NONE,42,B-OCCURRENCE,e103,1,diagnosis,diagnosis,diagnosis,NN,POS,NN,33,PAST,diagnosis,248,6,diagnosis-NN,diagnosis-NN
WSJ_20130321_1145,10,e102,NONE,120,B-OCCURRENCE,e102,1,school,school,school,NN,POS,NN,114,PAST,school,262,20,school-NN,school-NN
WSJ_20130321_1145,11,e29,PERFECTIVE,17,B-OCCURRENCE,e29,1,startle,startle,startled,VBN,POS,VB,9,PRESENT,startled,266,3,startled-VB,startle-VB
WSJ_20130321_1145,12,e30,NONE,6,B-OCCURRENCE,e30,1,win,win,won,VBD,POS,VB,3,PAST,won,284,2,won-VB,win-VB
WSJ_20130321_1145,12,e31,PROGRESSIVE,38,B-ASPECTUAL,e31,1,finish,finish,finishing,VBG,POS,VB,29,PRESENT,finishing,289,7,finishing-VB,finish-VB
WSJ_20130321_1145,13,e32,NONE,80,B-OCCURRENCE,e32,1,set,set,set,VBN,POS,VB,77,PAST,set,307,15,set-VB,set-VB
WSJ_20130321_1145,13,e33,NONE,119,B-OCCURRENCE,e33,1,surgery,surgery,surgery,NN,POS,NN,112,PAST,surgery,313,21,surgery-NN,surgery-NN
WSJ_20130322_159,0,e1,NONE,52,B-OCCURRENCE,e1,1,apologize,apologize,apologized,VBD,POS,VB,42,PAST,apologized,6,6,apologized-VB,apologize-VB
WSJ_20130322_159,0,e2,NONE,120,B-OCCURRENCE,e2,1,raid,raid,raid,NN,POS,NN,116,PAST,raid,18,18,raid-NN,raid-NN
WSJ_20130322_159,0,e56,NONE,156,B-OCCURRENCE,e56,1,move,move,move,NN,POS,NN,152,NONE,move,26,26,move-NN,move-NN
WSJ_20130322_159,0,e3,NONE,171,B-I_ACTION,e3,1,help,help,help,VB,POS,VB,167,FUTURE,help,29,29,help-VB,help-VB
WSJ_20130322_159,0,e4,NONE,179,B-OCCURRENCE,e4,1,restore,restore,restore,VB,POS,VB,172,INFINITIVE,restore,30,30,restore-VB,restore-VB
WSJ_20130322_159,1,e57,NONE,8,B-OCCURRENCE,e57,1,call,call,call,NN,POS,NN,4,NONE,call,38,2,call-NN,call-NN
WSJ_20130322_159,1,e5,NONE,25,B-OCCURRENCE,e5,1,happen,happen,happened,VBD,POS,VB,17,PAST,happened,41,5,happened-VB,happen-VB
WSJ_20130322_159,1,e6,NONE,59,B-OCCURRENCE,e6,1,wrap,wrap,wrapped,VBD,POS,VB,52,PAST,wrapped,46,10,wrapped-VB,wrap-VB
WSJ_20130322_159,1,e7,NONE,91,B-OCCURRENCE,e7,1,visit,visit,visit,NN,POS,NN,86,NONE,visit,51,15,visit-NN,visit-NN
WSJ_20130322_159,1,e8,NONE,129,B-OCCURRENCE,e8,1,outcome,outcome,outcome,NN,POS,NN,122,PAST,outcome,58,22,outcome-NN,outcome-NN
WSJ_20130322_159,1,e9,NONE,149,B-OCCURRENCE,e9,1,trip,trip,trip,NN,POS,NN,145,PAST,trip,62,26,trip-NN,trip-NN
WSJ_20130322_159,1,e10,NONE,161,B-I_STATE,e10,1,seem,seem,seemed,VBD,POS,VB,155,PAST,seemed,64,28,seemed-VB,seem-VB
WSJ_20130322_159,1,e11,NONE,170,B-OCCURRENCE,e11,1,yield,yield,yield,VB,POS,VB,165,INFINITIVE,yield,66,30,yield-VB,yield-VB
WSJ_20130322_159,2,e12,NONE,33,B-REPORTING,e12,1,confirm,confirm,confirmed,VBD,POS,VB,24,PAST,confirmed,75,5,confirmed-VB,confirm-VB
WSJ_20130322_159,2,e13,NONE,77,B-OCCURRENCE,e13,1,conversation,conversation,conversation,NN,POS,NN,65,PRESENT,conversation,83,13,conversation-NN,conversation-NN
WSJ_20130322_159,2,e14,NONE,106,B-I_ACTION,e14,1,agree,agree,agreed,VBD,POS,VB,100,PAST,agreed,89,19,agreed-VB,agree-VB
WSJ_20130322_159,2,e15,NONE,117,B-OCCURRENCE,e15,1,restore,restore,restore,VB,POS,VB,110,INFINITIVE,restore,91,21,restore-VB,restore-VB
WSJ_20130322_159,2,e16,NONE,182,B-OCCURRENCE,e16,1,dispatch,dispatch,dispatch,VB,POS,VB,174,NONE,dispatch,100,30,dispatch-VB,dispatch-VB
WSJ_20130322_159,2,e17,NONE,218,B-OCCURRENCE,e17,1,cancellation,cancellation,cancellation,NN,POS,NN,206,PRESENT,cancellation,105,35,cancellation-NN,cancellation-NN
WSJ_20130322_159,3,e18,NONE,20,B-OCCURRENCE,e18,1,accept,accept,accepted,VBD,POS,VB,12,PAST,accepted,120,3,accepted-VB,accept-VB
WSJ_20130322_159,3,e19,NONE,76,B-REPORTING,e19,1,say,say,said,VBD,POS,VB,72,PAST,said,130,13,said-VB,say-VB
WSJ_20130322_159,4,e20,PERFECTIVE,27,B-I_ACTION,e20,1,seek,seek,sought,VBN,POS,VB,21,PRESENT,sought,136,5,sought-VB,seek-VB
WSJ_20130322_159,4,e21,NONE,51,B-OCCURRENCE,e21,1,raid,raid,raid,NN,POS,NN,47,NONE,raid,141,10,raid-NN,raid-NN
WSJ_20130322_159,4,e22,NONE,126,B-I_ACTION,e22,1,seek,seek,sought,VBD,POS,VB,120,PAST,sought,157,26,sought-VB,seek-VB
WSJ_20130322_159,4,e23,NONE,135,B-OCCURRENCE,e23,1,break,break,break,VB,POS,VB,130,INFINITIVE,break,159,28,break-VB,break-VB
WSJ_20130322_159,4,e24,NONE,154,B-OCCURRENCE,e24,1,blockade,blockade,blockade,NN,POS,NN,146,NONE,blockade,162,31,blockade-NN,blockade-NN
WSJ_20130322_159,5,e25,NONE,15,B-OCCURRENCE,e25,1,raid,raid,raid,NN,POS,NN,11,NONE,raid,168,3,raid-NN,raid-NN
WSJ_20130322_159,5,e26,NONE,32,B-ASPECTUAL,e26,1,leave,leave,left,VBD,POS,VB,28,PAST,left,172,7,left-VB,leave-VB
WSJ_20130322_159,5,e58,NONE,53,B-STATE,e58,1,dead,dead,dead,JJ,POS,JJ,49,NONE,dead,175,10,dead-JJ,dead-JJ
WSJ_20130322_159,6,e27,NONE,40,B-OCCURRENCE,e27,1,investigation,investigation,investigation,NN,POS,NN,27,NONE,investigation,192,7,investigation-NN,investigation-NN
WSJ_20130322_159,6,e28,NONE,58,B-OCCURRENCE,e28,1,incident,incident,incident,NN,POS,NN,50,NONE,incident,195,10,incident-NN,incident-NN
WSJ_20130322_159,6,e29,NONE,74,B-REPORTING,e29,1,point,point,pointed,VBD,POS,VB,67,PAST,pointed,198,13,pointed-VB,point-VB
WSJ_20130322_159,6,e31,NONE,143,B-OCCURRENCE,e31,1,apologize,apologize,apologized,VBD,POS,VB,133,PAST,apologized,207,22,apologized-VB,apologize-VB
WSJ_20130322_159,6,e59,NONE,180,B-OCCURRENCE,e59,1,error,error,errors,NNS,POS,NN,174,NONE,errors,214,29,errors-NN,error-NN
WSJ_20130322_159,6,e33,PERFECTIVE,208,B-OCCURRENCE,e33,1,loss,loss,loss,NN,POS,NN,204,INFINITIVE,loss,220,35,loss-NN,loss-NN
WSJ_20130322_159,6,e34,NONE,227,B-I_ACTION,e34,1,agree,agree,agreed,VBD,POS,VB,221,PAST,agreed,224,39,agreed-VB,agree-VB
WSJ_20130322_159,6,e35,NONE,239,B-ASPECTUAL,e35,1,complete,complete,complete,VB,POS,VB,231,INFINITIVE,complete,226,41,complete-VB,complete-VB
WSJ_20130322_159,6,e37,NONE,293,B-REPORTING,e37,1,say,say,said,VBD,POS,VB,289,PAST,said,235,50,said-VB,say-VB
WSJ_20130322_159,7,e38,NONE,18,B-REPORTING,e38,1,tell,tell,told,VBD,POS,VB,14,PAST,told,239,3,told-VB,tell-VB
WSJ_20130322_159,7,e39,NONE,49,B-OCCURRENCE,e39,1,happen,happen,happened,VBD,POS,VB,41,PAST,happened,244,8,happened-VB,happen-VB
WSJ_20130322_159,7,e40,NONE,117,B-OCCURRENCE,e40,1,express,express,expresses,VBZ,POS,VB,108,PRESENT,expresses,255,19,expresses-VB,express-VB
WSJ_20130322_159,7,e60,NONE,138,B-OCCURRENCE,e60,1,injury,injury,injuries,NNS,POS,NN,130,NONE,injuries,258,22,injuries-NN,injury-NN
WSJ_20130322_159,7,e61,NONE,147,B-OCCURRENCE,e61,1,loss,loss,loss,NN,POS,NN,143,NONE,loss,260,24,loss-NN,loss-NN
WSJ_20130322_159,8,e42,NONE,14,B-REPORTING,e42,1,say,say,said,VBD,POS,VB,10,PAST,said,272,3,said-VB,say-VB
WSJ_20130322_159,8,e43,NONE,41,B-OCCURRENCE,e43,1,conference,conference,conference,NN,POS,NN,31,PAST,conference,277,8,conference-NN,conference-NN
WSJ_20130322_159,8,e44,PERFECTIVE,69,B-OCCURRENCE,e44,1,speak,speak,spoken,VBN,POS,VB,63,PAST,spoken,283,14,spoken-VB,speak-VB
WSJ_20130322_159,8,e45,NONE,172,B-OCCURRENCE,e45,1,restore,restore,restore,VB,POS,VB,165,INFINITIVE,restore,303,34,restore-VB,restore-VB
WSJ_20130322_159,9,e46,NONE,7,B-REPORTING,e46,1,say,say,said,VBD,POS,VB,3,PAST,said,308,2,said-VB,say-VB
WSJ_20130322_159,9,e47,NONE,20,B-OCCURRENCE,e47,1,discuss,discuss,discussed,VBD,POS,VB,11,PAST,discussed,310,4,discussed-VB,discuss-VB
WSJ_20130322_159,9,e48,NONE,66,B-OCCURRENCE,e48,1,visit,visit,visit,NN,POS,NN,61,NONE,visit,318,12,visit-NN,visit-NN
WSJ_20130322_159,9,e49,NONE,109,B-I_ACTION,e49,1,agree,agree,agreed,VBD,POS,VB,103,PAST,agreed,327,21,agreed-VB,agree-VB
WSJ_20130322_159,9,e50,NONE,129,B-STATE,e50,1,good,good,good,JJ,POS,JJ,125,PAST,good,331,25,good-JJ,good-JJ
WSJ_20130322_159,9,e51,NONE,146,B-OCCURRENCE,e51,1,discussion,discussion,discussion,NN,POS,NN,136,NONE,discussion,334,28,discussion-NN,discussion-NN
WSJ_20130322_159,10,e52,NONE,12,B-OCCURRENCE,e52,1,incident,incident,incident,NN,POS,NN,4,NONE,incident,341,2,incident-NN,incident-NN
WSJ_20130322_159,10,e53,NONE,35,B-OCCURRENCE,e53,1,talk,talk,talks,NNS,POS,NN,30,NONE,talks,346,7,talks-NN,talk-NN
WSJ_20130322_159,10,e54,NONE,113,B-OCCURRENCE,e54,1,trip,trip,trip,NN,POS,NN,109,NONE,trip,358,19,trip-NN,trip-NN
WSJ_20130322_159,10,e55,NONE,150,B-REPORTING,e55,1,say,say,said,VBD,POS,VB,146,PAST,said,365,26,said-VB,say-VB
WSJ_20130322_804,0,e1,PROGRESSIVE,37,B-I_ACTION,e1,1,warn,warn,warning,VBG,POS,VB,30,PRESENT,warning,5,5,warning-VB,warn-VB
WSJ_20130322_804,0,e2,NONE,116,B-OCCURRENCE,e2,1,increase,increase,increase,VB,POS,VB,108,NONE,increase,16,16,increase-VB,increase-VB
WSJ_20130322_804,0,e2002,NONE,219,B-REPORTING,e2002,1,project,project,projecting,VBG,POS,VB,209,PRESPART,projecting,33,33,projecting-VB,project-VB
WSJ_20130322_804,0,e3,NONE,253,B-OCCURRENCE,e3,1,double,double,double,JJ,POS,JJ,247,NONE,double,39,39,double-JJ,double-JJ
WSJ_20130322_804,1,e5,NONE,34,B-OCCURRENCE,e5,1,session,session,sessions,NNS,POS,NN,26,NONE,sessions,53,6,sessions-NN,session-NN
WSJ_20130322_804,1,e6,NONE,154,B-OCCURRENCE,e6,1,increase,increase,increase,VB,POS,VB,146,NONE,increase,73,26,increase-VB,increase-VB
WSJ_20130322_804,1,e7,NONE,199,B-OCCURRENCE,e7,1,kick,kick,kick,NN,POS,NN,195,PRESENT,kick,81,34,kick-NN,kick-NN
WSJ_20130322_804,2,e8,NONE,23,B-OCCURRENCE,e8,1,increase,increase,increases,NNS,POS,NN,14,NONE,increases,94,3,increases-NN,increase-NN
WSJ_20130322_804,2,e9,NONE,75,B-REPORTING,e9,1,say,say,says,VBZ,POS,VB,71,PRESENT,says,103,12,says-VB,say-VB
WSJ_20130322_804,2,e10,NONE,105,B-I_STATE,e10,1,expect,expect,expecting,VBG,POS,VB,96,NONE,expecting,107,16,expecting-VB,expect-VB
WSJ_20130322_804,3,e11,NONE,48,B-REPORTING,e11,1,say,say,says,VBZ,POS,VB,44,PRESENT,says,121,8,says-VB,say-VB
WSJ_20130322_804,3,e12,NONE,74,B-OCCURRENCE,e12,1,make,make,make,VB,POS,VB,70,FUTURE,make,127,14,make-VB,make-VB
WSJ_20130322_804,3,e2000,NONE,111,B-STATE,e2000,1,affordable,affordable,affordable,JJ,POS,JJ,101,FUTURE,affordable,131,18,affordable-JJ,affordable-JJ
WSJ_20130322_804,3,e2001,NONE,126,B-STATE,e2001,1,accessible,accessible,accessible,JJ,POS,JJ,116,FUTURE,accessible,133,20,accessible-JJ,accessible-JJ
WSJ_20130322_804,3,e13,PROGRESSIVE,140,B-I_ACTION,e13,1,point,point,pointing,VBG,POS,VB,132,PRESENT,pointing,136,23,pointing-VB,point-VB
WSJ_20130322_804,3,e38,NONE,159,B-OCCURRENCE,e38,1,analysis,analysis,analysis,NN,POS,NN,151,NONE,analysis,140,27,analysis-NN,analysis-NN
WSJ_20130322_804,3,e14,NONE,204,B-REPORTING,e14,1,say,say,says,VBZ,POS,VB,200,PRESENT,says,147,34,says-VB,say-VB
WSJ_20130322_804,4,e16,NONE,92,B-I_ACTION,e16,1,suggest,suggest,suggests,VBZ,POS,VB,84,PRESENT,suggests,174,14,suggests-VB,suggest-VB
WSJ_20130322_804,4,e40,NONE,108,B-STATE,e40,1,complicate,complicate,complicated,VBN,POS,VB,97,FUTURE,complicated,176,16,complicated-VB,complicate-VB
WSJ_20130322_804,5,e17,PROGRESSIVE,23,B-OCCURRENCE,e17,1,file,file,filing,VBG,POS,VB,17,FUTURE,filing,187,4,filing-VB,file-VB
WSJ_20130322_804,6,e18,NONE,27,B-OCCURRENCE,e18,1,stem,stem,stems,VBZ,POS,VB,22,PRESENT,stems,202,5,stems-VB,stem-VB
WSJ_20130322_804,7,e19,NONE,48,B-I_ACTION,e19,1,help,help,help,VB,POS,VB,44,FUTURE,help,217,8,help-VB,help-VB
WSJ_20130322_804,7,e20,NONE,78,B-OCCURRENCE,e20,1,defray,defray,defray,VBP,POS,VB,72,INFINITIVE,defray,220,11,defray-VB,defray-VB
WSJ_20130322_804,8,e21,PROGRESSIVE,30,B-OCCURRENCE,e21,1,get,get,getting,VBG,POS,VB,23,FUTURE,getting,239,5,getting-VB,get-VB
WSJ_20130322_804,9,e22,NONE,32,B-OCCURRENCE,e22,1,vary,vary,vary,VB,POS,VB,28,FUTURE,vary,257,7,vary-VB,vary-VB
WSJ_20130322_804,9,e23,NONE,79,B-I_ACTION,e23,1,agree,agree,agree,VBP,POS,VB,74,PRESENT,agree,265,15,agree-VB,agree-VB
WSJ_20130322_804,9,e24,NONE,153,B-STATE,e24,1,down,down,down,RB,POS,RB,149,FUTURE,down,277,27,down-RB,down-RB
WSJ_20130322_804,10,e25,NONE,8,B-ASPECTUAL,e25,1,start,start,starting,VBG,POS,VB,0,PRESPART,Starting,279,1,starting-VB,start-VB
WSJ_20130322_804,10,e26,NONE,39,B-I_ACTION,e26,1,block,block,block,VB,POS,VB,34,FUTURE,block,286,8,block-VB,block-VB
WSJ_20130322_804,10,e27,PROGRESSIVE,62,B-I_ACTION,e27,1,refuse,refuse,refusing,VBG,POS,VB,54,PRESENT,refusing,289,11,refusing-VB,refuse-VB
WSJ_20130322_804,10,e28,NONE,70,B-OCCURRENCE,e28,1,sell,sell,sell,VB,POS,VB,66,INFINITIVE,sell,291,13,sell-VB,sell-VB
WSJ_20130322_804,10,e29,PROGRESSIVE,90,B-OCCURRENCE,e29,1,set,set,setting,VBG,POS,VB,83,PRESENT,setting,294,16,setting-VB,set-VB
WSJ_20130322_804,10,e30,NONE,153,B-OCCURRENCE,e30,1,reduce,reduce,reduce,VB,POS,VB,147,FUTURE,reduce,305,27,reduce-VB,reduce-VB
WSJ_20130322_804,11,e32,NONE,14,B-OCCURRENCE,e32,1,raise,raise,raise,VB,POS,VB,9,NONE,raise,317,3,raise-VB,raise-VB
WSJ_20130322_804,11,e33,PROGRESSIVE,80,B-OCCURRENCE,e33,1,rein,rein,reining,VBG,POS,VB,73,PRESENT,reining,327,13,reining-VB,rein-VB
WSJ_20130322_804,12,e34,NONE,25,B-STATE,e34,1,affect,affect,affect,VB,POS,VB,19,NONE,affect,340,5,affect-VB,affect-VB
WSJ_20130322_804,12,e35,PROGRESSIVE,64,B-OCCURRENCE,e35,1,pay,pay,pay,VBP,POS,VB,61,PRESENT,pay,346,11,pay-VB,pay-VB
